State,City,Asthma_Prevalence,COPD_Prevalence,Stroke_Prevalence,Heart_Prevalence,Location,Population,Asthma_LCL,Asthma_HCL,COPD_LCL,COPD_HCL,Stroke_LCL,Stroke_HCL,Heart_LCL,Heart_HCL
NY,New York,10.5,6.0,3.2,5.8,"(40.694960689, -73.9313850409)",8175133,10.5,10.5,6.0,6.0,3.2,3.2,5.8,5.8
CA,Los Angeles,8.5,5.6,3.1,5.4,"(34.1182277898, -118.408500088)",3792621,8.5,8.5,5.5,5.6,3.1,3.1,5.4,5.5
IL,Chicago,9.9,6.2,3.7,6.0,"(41.8372950615, -87.6862308732)",2695598,9.9,9.9,6.2,6.3,3.7,3.8,6.0,6.0
TX,Houston,8.8,6.1,3.6,6.5,"(29.7806691396, -95.3860033966)",2099451,8.7,8.8,6.1,6.1,3.5,3.6,6.5,6.6
PA,Philadelphia,11.6,7.2,4.1,6.6,"(40.0093147808, -75.1333888571)",1526006,11.6,11.7,7.1,7.2,4.1,4.1,6.5,6.6
AZ,Phoenix,10.2,6.5,3.3,6.3,"(33.5724138695, -112.088995222)",1445632,10.1,10.2,6.5,6.6,3.3,3.3,6.3,6.3
TX,San Antonio,8.4,5.6,3.2,6.3,"(29.4721475333, -98.5246763525)",1327407,8.3,8.4,5.5,5.6,3.2,3.2,6.3,6.4
CA,San Diego,8.0,4.6,2.5,4.9,"(32.8355639418, -117.119792061)",1307402,8.0,8.0,4.6,4.7,2.5,2.5,4.8,4.9
TX,Dallas,9.3,6.4,3.8,6.6,"(32.7939804066, -96.7656929463)",1197816,9.3,9.4,6.3,6.4,3.8,3.8,6.6,6.7
HI,Honolulu,9.6,3.9,2.4,4.6,"(21.4588039305, -157.973296737)",953207,9.6,9.6,3.9,3.9,2.4,2.4,4.6,4.6
CA,San Jose,7.7,4.2,2.2,4.7,"(37.3003963176, -121.847228423)",945942,7.7,7.8,4.1,4.2,2.2,2.3,4.7,4.8
FL,Jacksonville,8.2,7.7,3.6,6.5,"(30.3319820139, -81.6752266207)",821784,8.2,8.3,7.6,7.7,3.5,3.6,6.4,6.5
IN,Indianapolis,10.9,7.6,3.8,6.8,"(39.7771221075, -86.145782152)",820445,10.8,10.9,7.5,7.7,3.7,3.8,6.8,6.9
CA,San Francisco,7.8,4.0,2.3,4.5,"(37.7559136611, -122.440987876)",805235,7.8,7.9,4.0,4.1,2.2,2.3,4.5,4.6
TX,Austin,8.2,4.7,2.6,5.3,"(30.3068610342, -97.7554771245)",790390,8.2,8.3,4.7,4.8,2.6,2.7,5.3,5.4
OH,Columbus,10.0,7.7,3.7,6.5,"(39.9859500484, -82.9851738516)",787033,10.0,10.1,7.6,7.7,3.6,3.7,6.5,6.6
TX,Fort Worth,9.5,6.5,3.5,6.4,"(32.780192804, -97.3470323225)",741206,9.5,9.6,6.4,6.6,3.5,3.5,6.4,6.5
NC,Charlotte,8.5,5.7,3.2,5.7,"(35.2078721969, -80.8300754645)",731424,8.5,8.6,5.6,5.8,3.2,3.3,5.6,5.7
MI,Detroit,13.9,11.1,6.3,8.4,"(42.3847015631, -83.1053178776)",713777,13.8,14.0,11.0,11.2,6.3,6.4,8.4,8.4
TX,El Paso,8.1,5.3,3.2,6.4,"(31.8481123506, -106.432021874)",649121,8.0,8.1,5.2,5.3,3.2,3.3,6.3,6.4
TN,Memphis,11.6,9.1,4.9,7.1,"(35.1046295042, -89.978906085)",646889,11.6,11.7,9.0,9.2,4.8,4.9,7.1,7.2
MD,Baltimore,12.2,7.4,4.4,6.7,"(39.3084523991, -76.6160492311)",620961,12.2,12.3,7.3,7.5,4.4,4.4,6.6,6.7
MA,Boston,11.3,6.0,3.2,5.8,"(42.3155796777, -71.0916505804)",617594,11.3,11.4,5.9,6.0,3.2,3.3,5.7,5.8
WA,Seattle,8.9,4.3,2.4,4.7,"(47.622154338, -122.323532482)",608660,8.8,8.9,4.2,4.3,2.3,2.4,4.7,4.7
DC,Washington,10.0,5.5,3.4,4.9,"(38.9099241426, -77.0147205666)",601723,10.0,10.1,5.4,5.6,3.4,3.4,4.9,5.0
TN,Nashville,10.4,7.5,3.4,6.2,"(36.1712229904, -86.7845944773)",601222,10.3,10.4,7.4,7.6,3.3,3.4,6.2,6.3
CO,Denver,8.8,4.6,2.7,4.9,"(39.7620283743, -104.876365322)",600158,8.8,8.9,4.5,4.6,2.7,2.8,4.8,4.9
KY,Louisville,12.3,9.1,3.5,7.7,"(38.1777689918, -85.6664099974)",597337,12.2,12.3,9.0,9.2,3.5,3.6,7.7,7.8
WI,Milwaukee,11.0,7.2,4.2,6.7,"(43.0641258925, -87.9672412429)",594833,10.9,11.0,7.1,7.3,4.2,4.3,6.7,6.8
OR,Portland,9.5,5.3,2.7,5.4,"(45.537180654, -122.650032751)",583776,9.4,9.6,5.3,5.4,2.7,2.7,5.3,5.4
NV,Las Vegas,8.7,7.1,3.2,6.7,"(36.2274148438, -115.262670095)",583756,8.6,8.7,7.0,7.2,3.2,3.3,6.6,6.7
OK,Oklahoma City,10.1,7.3,3.5,6.7,"(35.467564288, -97.5137615524)",579999,10.1,10.2,7.2,7.3,3.4,3.5,6.7,6.8
NM,Albuquerque,10.3,5.4,2.9,5.6,"(35.1055025771, -106.647447696)",545852,10.3,10.4,5.3,5.5,2.8,2.9,5.5,5.6
AZ,Tucson,10.8,6.9,3.3,6.5,"(32.1567244483, -110.877085494)",520116,10.7,10.8,6.8,7.0,3.3,3.4,6.4,6.5
CA,Fresno,9.7,7.1,3.7,6.6,"(36.7826786711, -119.794126569)",494665,9.7,9.8,7.1,7.2,3.7,3.8,6.5,6.6
CA,Sacramento,9.8,6.1,3.2,5.8,"(38.5666321567, -121.468299801)",466488,9.8,9.8,6.0,6.1,3.2,3.2,5.8,5.9
CA,Long Beach,8.6,5.5,3.0,5.3,"(33.8060144825, -118.160894146)",462257,8.5,8.6,5.5,5.6,3.0,3.0,5.3,5.3
MO,Kansas City,10.2,7.4,3.6,6.2,"(39.1239413971, -94.5541236795)",459787,10.1,10.3,7.3,7.5,3.6,3.6,6.2,6.3
AZ,Mesa,10.1,6.4,3.0,6.0,"(33.4022837359, -111.718721181)",439041,10.0,10.2,6.3,6.4,3.0,3.1,5.9,6.1
VA,Virginia Beach,8.4,5.2,2.5,5.1,"(36.7534593339, -76.0589579522)",437994,8.3,8.4,5.1,5.3,2.4,2.5,5.1,5.2
GA,Atlanta,9.0,6.4,4.1,6.0,"(33.7626524683, -84.4231419055)",420003,8.9,9.1,6.3,6.5,4.1,4.2,5.9,6.1
CO,Colorado Springs,9.5,5.0,2.7,5.2,"(38.8672748077, -104.760664479)",416427,9.4,9.5,5.0,5.1,2.7,2.7,5.1,5.2
NE,Omaha,8.5,6.0,3.1,5.9,"(41.2642309111, -96.0415076441)",408958,8.5,8.6,6.0,6.1,3.0,3.1,5.8,5.9
NC,Raleigh,8.4,5.2,2.9,5.3,"(35.8322080933, -78.6440243809)",403892,8.4,8.5,5.2,5.3,2.8,2.9,5.3,5.4
FL,Miami,7.4,6.8,3.9,7.0,"(25.782295897, -80.2215647762)",399457,7.4,7.5,6.7,6.9,3.8,3.9,6.9,7.1
OH,Cleveland,11.7,10.3,5.4,8.3,"(41.4765345821, -81.6805494865)",396815,11.7,11.8,10.2,10.4,5.4,5.5,8.2,8.3
OK,Tulsa,10.3,7.3,3.6,6.6,"(36.1284213425, -95.9036195464)",391906,10.2,10.3,7.2,7.4,3.5,3.6,6.5,6.6
CA,Oakland,9.7,5.3,3.2,5.3,"(37.790878035, -122.214859257)",390724,9.7,9.8,5.3,5.4,3.2,3.3,5.3,5.4
MN,Minneapolis,8.4,4.5,3.0,5.3,"(44.9635407967, -93.2678345304)",382578,8.4,8.5,4.5,4.6,3.0,3.0,5.2,5.3
KS,Wichita,9.6,6.6,3.2,6.5,"(37.690561478, -97.3429366807)",382368,9.6,9.7,6.5,6.7,3.2,3.2,6.4,6.6
TX,Arlington,9.3,6.0,3.0,6.0,"(32.699836862, -97.125089612)",365438,9.2,9.3,5.9,6.1,3.0,3.1,5.9,6.1
CA,Bakersfield,9.4,6.5,3.3,6.2,"(35.3513302855, -119.029786003)",347483,9.3,9.5,6.4,6.6,3.3,3.4,6.1,6.2
LA,New Orleans,9.3,6.9,4.3,6.6,"(30.0687009935, -89.9316317895)",343829,9.3,9.4,6.9,7.0,4.3,4.4,6.5,6.6
CA,Anaheim,8.4,5.5,2.8,5.6,"(33.8389076996, -117.857613481)",336265,8.3,8.4,5.4,5.6,2.7,2.8,5.5,5.7
FL,Tampa,8.3,7.1,3.7,6.5,"(27.996198041, -82.4450349799)",335709,8.3,8.4,7.0,7.2,3.7,3.7,6.5,6.6
CO,Aurora,9.1,5.4,3.0,5.3,"(39.7091594781, -104.726526621)",325078,9.0,9.2,5.3,5.5,2.9,3.0,5.2,5.4
CA,Santa Ana,8.8,6.3,3.4,6.6,"(33.7366948419, -117.881890237)",324528,8.7,8.9,6.2,6.4,3.3,3.4,6.5,6.7
MO,St. Louis,11.4,8.2,4.6,6.9,"(38.6358122615, -90.2451186799)",319294,11.3,11.5,8.0,8.3,4.5,4.6,6.8,6.9
PA,Pittsburgh,10.6,6.7,3.4,6.0,"(40.4396297486, -79.9762614995)",305704,10.5,10.7,6.6,6.8,3.4,3.5,6.0,6.1
TX,Corpus Christi,8.5,5.9,3.1,6.4,"(27.7291588337, -97.4019095379)",305215,8.5,8.6,5.8,6.0,3.0,3.1,6.3,6.5
CA,Riverside,8.7,5.8,3.0,5.9,"(33.9381251685, -117.394845824)",303871,8.6,8.8,5.7,5.9,3.0,3.1,5.8,6.0
OH,Cincinnati,10.8,8.3,4.3,7.0,"(39.1411747124, -84.5060004524)",296943,10.8,10.9,8.2,8.4,4.3,4.3,7.0,7.1
KY,Lexington,11.2,8.3,3.1,7.0,"(38.0423254022, -84.4587259608)",295803,11.1,11.3,8.1,8.4,3.1,3.2,6.9,7.1
AK,Anchorage,9.1,5.4,2.6,5.4,"(61.149868731, -149.111113424)",291826,9.0,9.2,5.3,5.5,2.6,2.7,5.3,5.4
CA,Stockton,9.4,6.7,3.6,6.5,"(37.9766322679, -121.311121669)",291707,9.3,9.5,6.6,6.8,3.6,3.7,6.4,6.5
OH,Toledo,11.1,9.4,4.1,7.8,"(41.6637399604, -83.5823818449)",287208,11.0,11.1,9.3,9.5,4.1,4.2,7.7,7.9
MN,St. Paul,8.4,4.8,3.1,5.5,"(44.9477402558, -93.1039958305)",285068,8.3,8.5,4.8,4.9,3.1,3.2,5.4,5.6
NJ,Newark,10.7,8.4,4.9,7.7,"(40.7260693449, -74.1752997118)",277140,10.6,10.8,8.3,8.5,4.8,4.9,7.7,7.8
NC,Greensboro,9.0,6.3,3.6,6.0,"(36.0960480415, -79.8276833061)",269666,8.9,9.1,6.2,6.4,3.5,3.6,5.9,6.1
NY,Buffalo,12.6,8.8,4.4,7.4,"(42.9014518233, -78.8475237264)",261310,12.5,12.7,8.6,8.9,4.4,4.5,7.3,7.5
TX,Plano,7.7,4.1,2.1,4.7,"(33.0502149278, -96.7486409797)",259841,7.7,7.8,4.0,4.2,2.1,2.2,4.7,4.8
NE,Lincoln,8.2,5.1,2.6,5.2,"(40.8096195695, -96.6806742049)",258379,8.1,8.3,5.0,5.3,2.6,2.7,5.1,5.3
NV,Henderson,8.2,5.9,2.5,5.7,"(36.0122394916, -115.037392161)",257729,8.1,8.2,5.8,6.0,2.5,2.6,5.6,5.8
IN,Fort Wayne,10.9,7.4,3.4,6.7,"(41.0884920417, -85.1435898792)",253691,10.8,11.0,7.2,7.5,3.3,3.4,6.6,6.8
NJ,Jersey City,8.4,5.9,3.2,5.9,"(40.7188130852, -74.0687740635)",247597,8.4,8.5,5.8,6.0,3.1,3.2,5.8,5.9
FL,St. Petersburg,8.1,7.1,3.2,6.2,"(27.792894971, -82.6650743239)",244769,8.1,8.2,7.0,7.2,3.2,3.3,6.1,6.3
CA,Chula Vista,7.9,4.7,2.6,5.1,"(32.6282964262, -117.010042407)",243916,7.8,8.0,4.6,4.8,2.6,2.7,5.1,5.2
VA,Norfolk,9.6,6.7,3.7,6.3,"(36.8932863006, -76.2567157761)",242803,9.5,9.7,6.6,6.8,3.7,3.8,6.3,6.4
FL,Orlando,8.2,7.1,3.6,6.4,"(28.4800646771, -81.3452411179)",238300,8.1,8.3,6.9,7.2,3.6,3.7,6.3,6.4
AZ,Chandler,9.3,4.9,2.4,5.0,"(33.28318981, -111.852210033)",236123,9.2,9.3,4.8,5.0,2.4,2.5,5.0,5.1
TX,Laredo,8.6,6.3,3.8,7.5,"(27.5482572475, -99.4867797312)",236091,8.5,8.7,6.1,6.4,3.7,3.9,7.4,7.6
WI,Madison,8.6,4.7,2.4,5.2,"(43.0809865694, -89.3915106344)",233209,8.5,8.7,4.6,4.8,2.4,2.4,5.1,5.3
NC,Winston-Salem,9.1,7.0,3.9,6.4,"(36.1029453039, -80.2609889241)",229617,9.1,9.2,6.8,7.1,3.8,3.9,6.4,6.5
TX,Lubbock,9.1,6.2,3.2,6.3,"(33.5666251178, -101.886335663)",229573,9.0,9.1,6.1,6.3,3.2,3.3,6.2,6.4
LA,Baton Rouge,9.4,7.2,4.1,7.0,"(30.4510891679, -91.1263551997)",229493,9.3,9.5,7.1,7.4,4.0,4.2,6.9,7.1
NC,Durham,8.8,5.9,3.5,5.9,"(35.9809147402, -78.9059161097)",228330,8.7,8.9,5.8,6.0,3.4,3.5,5.8,6.0
TX,Garland,9.0,6.3,3.3,6.5,"(32.9100799867, -96.6304258603)",226876,8.9,9.1,6.2,6.5,3.2,3.3,6.4,6.5
AZ,Glendale,10.3,6.8,3.4,6.4,"(33.5796123089, -112.225306421)",226721,10.2,10.4,6.7,6.9,3.3,3.4,6.3,6.4
NV,Reno,8.8,6.3,3.1,6.3,"(39.5540171998, -119.852733516)",225221,8.7,8.8,6.2,6.4,3.0,3.1,6.2,6.3
FL,Hialeah,7.0,6.5,3.6,7.1,"(25.869626948, -80.3045294666)",224669,6.9,7.1,6.4,6.7,3.5,3.6,7.0,7.2
VA,Chesapeake,8.9,5.6,2.9,5.4,"(36.6777521118, -76.3024325925)",222209,8.8,9.0,5.5,5.7,2.8,2.9,5.4,5.5
AZ,Scottsdale,9.1,4.4,2.1,4.7,"(33.6872493651, -111.865085877)",217385,9.0,9.2,4.3,4.5,2.1,2.2,4.6,4.7
NV,North Las Vegas,9.1,7.4,3.7,7.0,"(36.2891993562, -115.088496088)",216961,9.0,9.1,7.3,7.5,3.6,3.7,6.9,7.1
TX,Irving,8.5,6.0,3.2,6.4,"(32.8583808131, -96.9703058323)",216290,8.5,8.6,5.9,6.2,3.2,3.3,6.3,6.5
CA,Fremont,7.2,3.3,1.8,3.9,"(37.5278685405, -121.984121512)",214089,7.1,7.3,3.2,3.3,1.8,1.8,3.9,4.0
CA,Irvine,7.2,3.7,1.9,4.2,"(33.6780108904, -117.773633283)",212375,7.1,7.3,3.6,3.8,1.9,2.0,4.1,4.3
AL,Birmingham,10.5,8.7,5.0,7.5,"(33.5275663773, -86.7988174678)",212237,10.4,10.6,8.6,8.9,4.9,5.1,7.4,7.5
NY,Rochester,12.5,8.8,4.6,7.3,"(43.1679802918, -77.6162348882)",210565,12.4,12.6,8.7,9.0,4.6,4.7,7.3,7.4
CA,San Bernardino,10.6,8.1,4.4,7.4,"(34.1392322844, -117.295272732)",209924,10.5,10.7,7.9,8.2,4.4,4.5,7.4,7.5
WA,Spokane,11.0,7.5,3.2,6.3,"(47.6736243259, -117.415973291)",208916,10.9,11.1,7.4,7.7,3.2,3.3,6.2,6.4
AZ,Gilbert,9.1,4.6,2.2,4.8,"(33.310149392, -111.746237467)",208453,9.1,9.2,4.5,4.7,2.2,2.3,4.7,4.9
AL,Montgomery,10.3,8.2,4.2,6.9,"(32.3472645333, -86.2677059552)",205764,10.2,10.4,8.1,8.4,4.2,4.3,6.8,7.0
ID,Boise City,9.0,5.1,2.6,5.3,"(43.5984343897, -116.230885189)",205671,8.9,9.1,4.9,5.2,2.5,2.7,5.2,5.4
VA,Richmond,10.0,7.0,4.2,6.4,"(37.5293933083, -77.475568168)",204214,9.9,10.1,6.9,7.1,4.1,4.3,6.3,6.4
IA,Des Moines,8.6,6.3,3.2,6.3,"(41.5741349525, -93.6165066086)",203433,8.5,8.7,6.2,6.4,3.2,3.3,6.2,6.4
CA,Modesto,9.4,6.6,3.2,6.2,"(37.6615478221, -120.988548061)",201165,9.4,9.5,6.4,6.7,3.1,3.2,6.1,6.3
NC,Fayetteville,9.1,6.7,3.7,6.4,"(35.0851309527, -78.9791676456)",200564,9.1,9.2,6.6,6.8,3.6,3.8,6.3,6.5
LA,Shreveport,9.8,7.9,4.5,7.3,"(32.4671618864, -93.7962236108)",199311,9.7,10.0,7.8,8.1,4.4,4.5,7.2,7.4
OH,Akron,11.0,9.4,4.1,7.4,"(41.0801444942, -81.5219213688)",199110,10.9,11.1,9.2,9.5,4.0,4.2,7.3,7.4
WA,Tacoma,10.5,6.6,3.2,6.1,"(47.2425411445, -122.45447391)",198397,10.4,10.6,6.5,6.7,3.1,3.2,6.0,6.1
CA,Oxnard,8.7,5.9,3.2,6.2,"(34.1959237731, -119.18187657)",197899,8.6,8.8,5.8,6.0,3.1,3.2,6.1,6.3
IL,Aurora,9.2,6.2,3.1,6.2,"(41.7637750837, -88.2900949057)",197899,9.1,9.3,6.1,6.3,3.1,3.2,6.1,6.3
CA,Fontana,9.2,5.8,3.2,6.0,"(34.0974227833, -117.459241285)",196069,9.1,9.3,5.7,5.9,3.1,3.2,5.9,6.1
NY,Yonkers,10.7,6.2,2.9,5.7,"(40.9465025597, -73.8636959965)",195976,10.6,10.8,6.1,6.3,2.9,3.0,5.6,5.8
GA,Augusta,10.1,8.2,4.4,6.8,"(33.3644561527, -82.0708396775)",195844,10.0,10.2,8.0,8.3,4.3,4.4,6.7,6.9
AL,Mobile,9.9,8.2,4.2,7.2,"(30.6776248648, -88.1184482714)",195111,9.8,10.0,8.1,8.4,4.2,4.3,7.1,7.3
AR,Little Rock,9.3,6.7,3.4,6.3,"(34.7253957894, -92.3583751863)",193524,9.2,9.4,6.6,6.8,3.4,3.5,6.2,6.4
CA,Moreno Valley,9.1,6.0,3.4,6.2,"(33.9244314112, -117.204501895)",193365,9.0,9.2,5.9,6.1,3.4,3.4,6.1,6.2
CA,Glendale,8.4,5.5,2.7,5.0,"(34.181889373, -118.24676666)",191719,8.3,8.5,5.4,5.7,2.6,2.7,5.0,5.1
TX,Amarillo,9.2,6.5,3.1,6.3,"(35.2003835544, -101.828292514)",190695,9.1,9.3,6.3,6.6,3.1,3.2,6.2,6.4
CA,Huntington Beach,8.2,4.7,2.2,4.7,"(33.6952749077, -118.001810806)",189992,8.1,8.3,4.6,4.8,2.2,2.2,4.6,4.8
GA,Columbus,9.5,7.5,4.1,6.5,"(32.5099614852, -84.8770410586)",189885,9.4,9.5,7.4,7.7,4.0,4.2,6.4,6.6
MI,Grand Rapids,11.0,8.0,3.5,6.6,"(42.9614815414, -85.6556858473)",188040,10.9,11.1,7.9,8.2,3.4,3.6,6.5,6.7
UT,Salt Lake City,8.9,4.6,2.8,5.1,"(40.7778489465, -111.931220784)",186440,8.8,8.9,4.6,4.7,2.8,2.9,5.0,5.1
FL,Tallahassee,8.1,6.7,3.4,5.7,"(30.4548951211, -84.2526459938)",181376,8.0,8.1,6.6,6.9,3.3,3.4,5.6,5.8
MA,Worcester,11.4,7.0,3.2,6.3,"(42.2705425446, -71.8079404584)",181045,11.3,11.5,6.9,7.2,3.1,3.2,6.2,6.4
VA,Newport News,9.7,6.4,3.5,5.9,"(37.1051141309, -76.5182644502)",180719,9.6,9.7,6.3,6.5,3.4,3.5,5.9,6.0
AL,Huntsville,9.5,7.4,3.3,6.4,"(34.6989692671, -86.6387042882)",180105,9.4,9.6,7.3,7.6,3.3,3.4,6.3,6.5
TN,Knoxville,10.8,9.0,3.7,6.9,"(35.9690594531, -83.9495877264)",178874,10.7,10.9,8.8,9.2,3.6,3.7,6.8,7.0
RI,Providence,12.4,8.0,3.7,7.0,"(41.823480533, -71.4218129335)",178042,12.3,12.6,7.9,8.2,3.6,3.7,6.9,7.1
CA,Santa Clarita,8.0,4.8,2.3,4.6,"(34.4119039185, -118.503504698)",176320,7.9,8.1,4.6,4.9,2.3,2.4,4.5,4.6
TX,Grand Prairie,8.9,5.9,3.2,6.3,"(32.6867650238, -97.0209311916)",175396,8.8,9.0,5.8,6.0,3.1,3.2,6.2,6.4
TX,Brownsville,8.7,6.5,3.9,7.5,"(25.9981977861, -97.4566343763)",175023,8.6,8.9,6.4,6.7,3.8,4.0,7.4,7.6
MS,Jackson,10.0,7.5,5.1,7.1,"(32.31627222, -90.2124528561)",173514,9.9,10.2,7.3,7.6,5.0,5.2,7.0,7.2
KS,Overland Park,8.3,4.0,2.0,4.4,"(38.8872922575, -94.6872267067)",173372,8.2,8.4,3.9,4.1,2.0,2.0,4.3,4.5
CA,Garden Grove,7.9,5.3,2.7,5.6,"(33.7786940635, -117.960111162)",170883,7.9,8.0,5.2,5.4,2.7,2.8,5.5,5.6
CA,Santa Rosa,9.2,5.6,2.6,5.0,"(38.4464423102, -122.706005935)",167815,9.1,9.3,5.4,5.7,2.5,2.6,5.0,5.1
TN,Chattanooga,10.7,8.8,4.0,6.9,"(35.0662472165, -85.2466771892)",167674,10.6,10.8,8.6,8.9,3.9,4.0,6.8,7.0
CA,Oceanside,8.5,5.4,2.7,5.2,"(33.2247457474, -117.308200285)",167086,8.4,8.6,5.3,5.5,2.7,2.8,5.2,5.3
FL,Fort Lauderdale,8.0,6.8,3.4,6.1,"(26.1418205174, -80.1471225502)",165521,7.9,8.1,6.6,6.9,3.3,3.5,6.0,6.2
CA,Rancho Cucamonga,8.6,4.7,2.4,4.8,"(34.1245895555, -117.56617587)",165269,8.6,8.7,4.6,4.8,2.4,2.4,4.8,4.9
FL,Port St. Lucie,8.2,7.4,3.2,6.5,"(27.2808680308, -80.3832154574)",164603,8.1,8.3,7.2,7.7,3.2,3.3,6.4,6.7
CA,Ontario,9.3,6.0,3.2,6.1,"(34.0392649464, -117.606427103)",163924,9.2,9.4,5.9,6.1,3.1,3.2,6.0,6.2
WA,Vancouver,10.2,6.4,3.0,5.8,"(45.6357172365, -122.598539476)",161791,10.1,10.3,6.3,6.6,2.9,3.0,5.7,5.9
AZ,Tempe,9.6,5.5,2.8,5.5,"(33.3882640307, -111.931802302)",161719,9.5,9.7,5.4,5.7,2.7,2.8,5.4,5.7
MO,Springfield,9.9,8.7,3.6,6.9,"(37.1942661484, -93.2914273656)",159498,9.8,10.1,8.5,8.8,3.5,3.6,6.8,7.0
CA,Lancaster,9.3,6.9,3.7,6.2,"(34.6934347017, -118.175306356)",156633,9.2,9.4,6.8,7.1,3.6,3.7,6.1,6.2
OR,Eugene,10.2,6.4,2.9,5.8,"(44.0559363346, -123.117327584)",156185,10.0,10.3,6.2,6.5,2.8,3.0,5.7,5.9
FL,Pembroke Pines,7.1,5.3,2.7,5.3,"(26.0127387534, -80.3384522664)",154750,7.0,7.2,5.1,5.4,2.6,2.8,5.2,5.4
OR,Salem,10.4,6.7,3.1,6.2,"(44.923273154, -123.0248671)",154637,10.2,10.5,6.6,6.9,3.0,3.1,6.1,6.3
FL,Cape Coral,7.6,7.0,2.9,6.1,"(26.6448544993, -81.9931108298)",154305,7.5,7.7,6.8,7.1,2.8,2.9,6.0,6.2
AZ,Peoria,9.7,5.5,2.6,5.3,"(33.7847206422, -112.298680584)",154065,9.6,9.8,5.4,5.6,2.5,2.6,5.2,5.4
SD,Sioux Falls,7.9,5.5,2.7,5.9,"(43.5388067537, -96.7313495858)",153888,7.8,8.0,5.3,5.6,2.6,2.8,5.8,6.0
MA,Springfield,12.6,8.4,4.2,7.7,"(42.1154977999, -72.5395254143)",153060,12.5,12.8,8.3,8.6,4.1,4.2,7.6,7.8
CA,Elk Grove,8.9,4.6,2.4,4.8,"(38.4159992006, -121.384137762)",153015,8.8,9.0,4.5,4.7,2.3,2.4,4.7,4.8
IL,Rockford,10.5,7.8,3.7,6.7,"(42.2633180015, -89.0625958362)",152871,10.4,10.6,7.7,8.0,3.6,3.8,6.7,6.8
CA,Palmdale,9.2,6.6,3.5,6.0,"(34.5944899803, -118.105772328)",152750,9.1,9.3,6.5,6.7,3.5,3.6,6.0,6.1
CA,Corona,8.2,5.1,2.7,5.4,"(33.8623571787, -117.564224471)",152374,8.2,8.3,5.0,5.2,2.6,2.7,5.3,5.5
CA,Salinas,9.1,6.5,3.4,6.5,"(36.6889174321, -121.631811961)",150441,9.0,9.3,6.4,6.7,3.3,3.4,6.4,6.6
CA,Pomona,8.5,5.9,3.3,5.9,"(34.0585026366, -117.762551658)",149058,8.4,8.6,5.8,6.0,3.3,3.4,5.8,6.0
TX,Pasadena,8.5,6.7,3.3,6.9,"(29.6589511488, -95.1509173148)",149043,8.4,8.7,6.5,6.8,3.2,3.3,6.8,7.0
IL,Joliet,9.7,6.7,3.2,6.2,"(41.5206390037, -88.1507097756)",147433,9.6,9.8,6.5,6.8,3.2,3.3,6.1,6.3
NJ,Paterson,9.8,8.2,4.4,7.6,"(40.9146874977, -74.1624181271)",146199,9.7,10.0,8.1,8.4,4.3,4.5,7.5,7.7
KS,Kansas City,10.6,8.0,4.1,7.1,"(39.1234621409, -94.7441921112)",145786,10.5,10.7,7.9,8.2,4.1,4.2,7.0,7.2
CA,Torrance,7.0,3.7,2.0,4.0,"(33.8345985464, -118.341641983)",145438,7.0,7.1,3.6,3.8,1.9,2.0,3.9,4.1
NY,Syracuse,12.7,9.3,4.3,7.3,"(43.0409202097, -76.1437679213)",145170,12.5,12.8,9.1,9.5,4.3,4.4,7.2,7.4
CT,Bridgeport,10.3,6.6,3.7,6.4,"(41.1928054233, -73.196054694)",144229,10.2,10.4,6.4,6.7,3.6,3.8,6.3,6.5
CA,Hayward,8.8,4.9,2.7,5.1,"(37.6329591551, -122.077051051)",144186,8.7,8.9,4.8,5.0,2.6,2.7,5.1,5.2
CO,Fort Collins,8.8,4.7,2.5,4.8,"(40.5487758924, -105.065904872)",143986,8.7,8.9,4.6,4.9,2.4,2.6,4.7,4.9
CA,Escondido,8.8,6.2,3.1,5.8,"(33.1346952955, -117.072122618)",143911,8.7,9.0,6.0,6.4,3.0,3.2,5.7,6.0
CO,Lakewood,9.0,4.7,2.5,5.0,"(39.6976734462, -105.116965444)",142980,8.9,9.1,4.6,4.8,2.4,2.5,4.9,5.1
IL,Naperville,8.0,3.9,1.9,4.4,"(41.7482001145, -88.1657705099)",141853,7.9,8.1,3.8,4.0,1.8,1.9,4.3,4.5
OH,Dayton,11.5,10.7,5.1,8.1,"(39.779768039, -84.1997930517)",141527,11.4,11.6,10.5,10.9,5.0,5.2,8.0,8.2
FL,Hollywood,7.7,6.7,3.2,6.1,"(26.0287025703, -80.1683976059)",140768,7.6,7.8,6.5,6.8,3.1,3.2,6.0,6.2
CA,Sunnyvale,7.0,3.3,1.8,4.0,"(37.3834416566, -122.025624324)",140081,7.0,7.1,3.2,3.4,1.8,1.8,3.9,4.1
VA,Alexandria,8.1,4.3,2.3,4.6,"(38.8187351557, -77.0867762661)",139966,8.0,8.2,4.1,4.4,2.2,2.3,4.5,4.7
TX,Mesquite,9.5,6.7,3.5,6.6,"(32.7641310166, -96.5927445114)",139824,9.4,9.6,6.6,6.9,3.4,3.5,6.5,6.7
VA,Hampton,9.7,6.4,3.6,6.0,"(37.0533009025, -76.3665945624)",137436,9.6,9.8,6.3,6.6,3.5,3.7,5.9,6.1
CA,Pasadena,7.9,4.5,2.5,4.6,"(34.1597634806, -118.138921644)",137122,7.8,8.0,4.4,4.6,2.5,2.6,4.5,4.7
CA,Orange,8.2,5.2,2.5,5.2,"(33.8046419567, -117.8231855)",136416,8.1,8.3,5.0,5.3,2.4,2.5,5.1,5.3
GA,Savannah,9.9,8.0,4.4,6.5,"(32.0283615157, -81.1783435493)",136286,9.8,10.0,7.9,8.2,4.4,4.5,6.4,6.6
NC,Cary,7.3,4.1,2.0,4.6,"(35.7814978722, -78.8152191642)",135234,7.2,7.4,3.9,4.2,2.0,2.1,4.5,4.7
CA,Fullerton,8.0,4.8,2.4,5.0,"(33.8840378013, -117.927850895)",135161,7.8,8.1,4.7,5.0,2.4,2.5,4.9,5.1
MI,Warren,11.5,9.2,3.4,6.9,"(42.4934233034, -83.0270075248)",134056,11.4,11.6,9.0,9.4,3.3,3.5,6.8,7.0
TN,Clarksville,10.3,8.1,3.4,6.7,"(36.569683159, -87.3432371614)",132929,10.2,10.4,7.9,8.2,3.3,3.5,6.6,6.8
TX,McKinney,8.3,4.9,2.5,5.2,"(33.1988886952, -96.6677029773)",131117,8.2,8.5,4.7,5.1,2.4,2.6,5.1,5.4
TX,McAllen,7.7,5.5,3.2,6.4,"(26.2186289942, -98.2451704536)",129877,7.5,7.8,5.3,5.6,3.1,3.3,6.2,6.5
CT,New Haven,11.2,7.3,3.8,6.0,"(41.3113869392, -72.9247595793)",129779,11.1,11.3,7.2,7.5,3.7,3.9,5.9,6.1
MI,Sterling Heights,10.6,7.7,2.8,6.2,"(42.580985283, -83.0303680858)",129699,10.5,10.8,7.5,7.9,2.8,2.9,6.0,6.3
UT,West Valley City,9.5,5.9,3.3,5.9,"(40.6887696962, -112.011667394)",129480,9.4,9.6,5.7,6.0,3.3,3.4,5.8,6.0
SC,Columbia,9.4,7.1,4.2,6.4,"(34.0366069566, -80.9037852694)",129272,9.2,9.5,6.9,7.3,4.1,4.3,6.3,6.5
TX,Killeen,9.5,6.1,3.4,6.2,"(31.0757648143, -97.7285651299)",127921,9.5,9.6,6.0,6.2,3.4,3.5,6.1,6.3
KS,Topeka,10.2,6.8,3.3,6.0,"(39.0359549911, -95.6954155341)",127473,10.1,10.3,6.7,6.9,3.2,3.3,5.9,6.1
CA,Thousand Oaks,8.1,4.4,2.1,4.5,"(34.1917745655, -118.874888411)",126683,8.0,8.2,4.3,4.5,2.0,2.2,4.4,4.6
IA,Cedar Rapids,8.0,5.3,2.7,5.6,"(41.966729258, -91.6781679349)",126326,7.9,8.2,5.1,5.4,2.6,2.7,5.5,5.7
KS,Olathe,8.7,4.7,2.3,4.9,"(38.884693021, -94.8192070197)",125872,8.6,8.8,4.6,4.9,2.2,2.4,4.8,5.0
NJ,Elizabeth,8.8,7.4,3.6,7.0,"(40.6664447729, -74.1938679138)",124969,8.7,8.9,7.3,7.6,3.6,3.7,6.9,7.1
TX,Waco,9.9,7.3,3.9,6.8,"(31.5597607137, -97.1883333282)",124805,9.8,10.0,7.1,7.4,3.8,4.0,6.7,7.0
CT,Hartford,12.3,7.8,4.5,7.3,"(41.7660706419, -72.6834012389)",124775,12.2,12.5,7.6,7.9,4.4,4.5,7.2,7.4
CA,Visalia,9.2,6.4,3.1,6.1,"(36.3270623157, -119.325273214)",124442,9.1,9.4,6.2,6.6,3.0,3.2,6.0,6.2
FL,Gainesville,8.4,7.6,3.7,6.7,"(29.6817027431, -82.345278266)",124354,8.3,8.4,7.4,7.8,3.6,3.8,6.6,6.9
CA,Simi Valley,8.3,4.8,2.3,4.7,"(34.2662462857, -118.748980462)",124237,8.2,8.4,4.7,5.0,2.2,2.3,4.7,4.8
CT,Stamford,8.6,4.5,2.3,4.8,"(41.1049145013, -73.5589363142)",122643,8.5,8.7,4.4,4.6,2.3,2.4,4.7,4.9
WA,Bellevue,7.9,3.6,2.0,4.2,"(47.5962437606, -122.153569982)",122363,7.8,8.0,3.4,3.7,1.9,2.0,4.1,4.3
CA,Concord,8.6,5.1,2.5,5.1,"(37.9721810307, -122.001588036)",122067,8.5,8.7,5.0,5.3,2.5,2.6,5.0,5.2
FL,Miramar,7.6,5.1,3.0,5.2,"(25.9773288233, -80.3357316003)",122041,7.5,7.8,5.0,5.3,3.0,3.1,5.1,5.3
FL,Coral Springs,7.4,5.7,2.7,5.4,"(26.2701700158, -80.2592221493)",121096,7.3,7.5,5.6,5.9,2.7,2.8,5.3,5.5
LA,Lafayette,9.1,7.3,3.6,6.8,"(30.2120582815, -92.0317532321)",120623,9.0,9.2,7.1,7.5,3.6,3.7,6.6,6.9
SC,Charleston,8.8,5.6,2.9,5.3,"(32.8136961892, -79.967381899)",120083,8.7,8.9,5.5,5.8,2.8,3.0,5.2,5.4
TX,Carrollton,8.1,5.0,2.6,5.4,"(32.988438459, -96.900137433)",119097,8.0,8.2,4.9,5.2,2.5,2.6,5.3,5.5
CA,Roseville,8.5,4.9,2.3,4.8,"(38.7657516182, -121.302847708)",118788,8.4,8.6,4.8,5.1,2.2,2.4,4.7,4.9
CO,Thornton,9.1,4.9,2.6,5.0,"(39.9193994188, -104.944956758)",118772,9.0,9.2,4.8,5.1,2.5,2.6,4.9,5.1
TX,Beaumont,9.9,6.5,4.0,6.4,"(30.084416647, -94.1441072222)",118296,9.8,10.0,6.4,6.7,3.9,4.1,6.3,6.5
PA,Allentown,10.7,8.0,3.9,7.4,"(40.596099618, -75.4755373968)",118032,10.5,10.8,7.8,8.2,3.8,4.0,7.2,7.5
AZ,Surprise,9.7,5.5,2.6,5.3,"(33.6803835177, -112.452218439)",117517,9.6,9.9,5.3,5.7,2.5,2.7,5.2,5.5
IN,Evansville,11.3,8.7,3.7,7.4,"(37.9867158026, -87.538270731)",117429,11.2,11.4,8.5,8.9,3.7,3.8,7.3,7.5
TX,Abilene,9.2,6.8,3.3,6.5,"(32.4546510898, -99.7383043723)",117063,9.1,9.3,6.6,7.0,3.3,3.4,6.4,6.6
TX,Frisco,7.7,3.8,2.0,4.4,"(33.1507545152, -96.8201336312)",116989,7.6,7.8,3.7,4.0,1.9,2.0,4.3,4.6
MO,Independence,10.2,8.5,3.3,6.5,"(39.0870794771, -94.3502748237)",116830,10.1,10.4,8.3,8.7,3.2,3.4,6.4,6.6
CA,Santa Clara,7.4,3.7,2.0,4.3,"(37.3646197504, -121.967932117)",116468,7.3,7.5,3.6,3.8,1.9,2.0,4.2,4.4
IL,Springfield,10.0,6.8,3.1,6.0,"(39.7716473322, -89.6540780049)",116250,9.9,10.1,6.7,7.0,3.1,3.2,5.9,6.1
CA,Vallejo,9.2,5.5,3.1,5.5,"(38.1135329247, -122.235518478)",115942,9.1,9.3,5.4,5.6,3.0,3.1,5.4,5.6
CA,Victorville,10.1,7.3,3.9,6.8,"(34.5277691103, -117.353855136)",115903,10.0,10.3,7.1,7.4,3.8,4.0,6.6,6.9
GA,Athens,9.3,7.8,4.0,6.6,"(33.9508170683, -83.3689417445)",115452,9.2,9.4,7.6,8.1,3.9,4.1,6.5,6.7
IL,Peoria,10.1,7.0,3.5,6.3,"(40.7515684146, -89.615255458)",115007,10.0,10.2,6.8,7.2,3.4,3.5,6.2,6.4
MI,Lansing,11.7,8.7,3.8,7.2,"(42.7090711751, -84.5584470022)",114297,11.6,11.9,8.5,8.9,3.8,3.9,7.1,7.3
MI,Ann Arbor,9.3,5.0,2.2,4.9,"(42.2756833567, -83.7311374448)",113934,9.2,9.5,4.9,5.2,2.2,2.3,4.8,5.0
CA,El Monte,8.1,5.9,3.3,6.2,"(34.073919653, -118.029071951)",113475,8.0,8.3,5.7,6.0,3.3,3.4,6.1,6.2
TX,Denton,8.7,5.8,2.9,5.7,"(33.2156160443, -97.1412438684)",113383,8.6,8.8,5.6,6.0,2.8,2.9,5.6,5.8
CA,Berkeley,8.7,4.1,2.3,4.3,"(37.8725678765, -122.274907975)",112580,8.6,8.7,4.0,4.2,2.2,2.3,4.3,4.4
UT,Provo,8.9,5.3,2.9,5.3,"(40.2457185288, -111.645715857)",112488,8.8,9.0,5.1,5.4,2.8,2.9,5.1,5.4
CA,Downey,7.9,4.8,2.6,5.0,"(33.937867256, -118.131150116)",111772,7.7,8.0,4.7,4.9,2.5,2.6,4.9,5.1
TX,Midland,8.6,5.2,2.6,5.5,"(32.0285948356, -102.109700973)",111147,8.5,8.7,5.0,5.3,2.5,2.7,5.4,5.6
OK,Norman,9.6,6.5,2.9,6.2,"(35.2335032647, -97.3470413838)",110925,9.5,9.8,6.3,6.7,2.8,2.9,6.1,6.4
CT,Waterbury,11.5,8.5,3.8,6.5,"(41.5582443266, -73.036129832)",110366,11.4,11.6,8.3,8.7,3.7,3.8,6.4,6.6
CA,Costa Mesa,8.4,5.4,2.6,5.4,"(33.6667651353, -117.91350475)",109960,8.3,8.6,5.3,5.6,2.5,2.7,5.3,5.5
CA,Inglewood,9.8,6.0,4.0,5.7,"(33.9565748018, -118.344444926)",109673,9.7,10.0,5.8,6.1,3.9,4.0,5.6,5.8
NH,Manchester,10.9,7.1,2.8,5.9,"(42.9844541713, -71.4445313287)",109565,10.8,11.1,6.9,7.3,2.8,2.9,5.8,6.0
TN,Murfreesboro,9.9,7.6,3.0,6.3,"(35.850778195, -86.408628238)",108755,9.7,10.0,7.3,7.8,3.0,3.1,6.1,6.4
MO,Columbia,9.4,6.5,2.9,5.7,"(38.9481109651, -92.3260129764)",108500,9.3,9.6,6.3,6.8,2.8,3.0,5.6,5.9
IL,Elgin,9.1,6.1,2.9,6.0,"(42.0385402472, -88.3224947104)",108188,8.9,9.2,5.9,6.3,2.9,3.0,5.9,6.1
FL,Clearwater,7.9,7.4,3.1,6.4,"(27.9805997919, -82.7544099135)",107685,7.8,8.0,7.2,7.6,3.1,3.2,6.2,6.5
FL,Miami Gardens,9.3,7.6,4.7,6.6,"(25.9432633871, -80.2425332162)",107167,9.1,9.4,7.3,7.8,4.6,4.8,6.5,6.7
MN,Rochester,7.9,4.2,2.4,4.9,"(44.0150574384, -92.4775005494)",106769,7.8,8.0,4.0,4.3,2.3,2.5,4.8,5.0
CO,Pueblo,9.7,6.3,3.3,6.2,"(38.2733957251, -104.612001218)",106595,9.6,9.8,6.2,6.5,3.3,3.4,6.1,6.3
MA,Lowell,10.9,7.0,3.3,6.3,"(42.6388727331, -71.321714396)",106519,10.7,11.0,6.8,7.2,3.2,3.4,6.2,6.4
NC,Wilmington,8.8,6.5,3.3,6.1,"(34.2102758569, -77.8872842368)",106476,8.7,8.9,6.4,6.7,3.2,3.4,6.0,6.3
CA,San Buenaventura (Ventura),8.5,5.2,2.4,5.0,"(34.2743610206, -119.231436551)",106433,8.4,8.6,5.0,5.3,2.4,2.5,4.9,5.1
CO,Arvada,9.0,4.5,2.3,4.7,"(39.8308263293, -105.146327974)",106433,8.9,9.1,4.4,4.6,2.2,2.3,4.6,4.8
CO,Westminster,8.8,4.5,2.3,4.7,"(39.8838511475, -105.062645316)",106114,8.7,8.9,4.3,4.6,2.3,2.4,4.6,4.8
CA,West Covina,7.3,4.2,2.3,4.5,"(34.0554415174, -117.91128206)",106098,7.2,7.3,4.1,4.2,2.3,2.4,4.5,4.6
OR,Gresham,10.2,6.7,3.2,6.2,"(45.5024256798, -122.441469029)",105594,10.1,10.4,6.6,6.9,3.1,3.3,6.1,6.3
CA,Norwalk,7.9,5.0,2.8,5.3,"(33.9068808228, -118.082915204)",105549,7.8,8.0,4.9,5.2,2.7,2.8,5.2,5.4
ND,Fargo,8.7,4.9,2.6,5.5,"(46.8652457832, -96.8289882328)",105549,8.6,8.8,4.7,5.0,2.6,2.7,5.4,5.7
CA,Carlsbad,7.8,4.0,2.0,4.2,"(33.1248051026, -117.282903303)",105328,7.7,7.9,3.9,4.2,1.9,2.1,4.1,4.4
CA,Fairfield,9.4,5.7,2.9,5.5,"(38.2558446343, -122.039303253)",105321,9.3,9.5,5.6,5.8,2.9,3.0,5.4,5.5
MA,Cambridge,9.7,4.2,2.2,4.5,"(42.3758188051, -71.1183992378)",105162,9.6,9.8,4.1,4.4,2.2,2.3,4.4,4.6
TX,Wichita Falls,9.1,7.0,3.3,6.6,"(33.9072739838, -98.5292981697)",104553,9.0,9.2,6.8,7.2,3.3,3.4,6.5,6.7
NC,High Point,9.2,7.2,3.9,6.5,"(35.9881243803, -79.9932956384)",104371,9.1,9.3,7.0,7.4,3.8,4.0,6.4,6.6
MT,Billings,9.1,5.9,2.8,5.6,"(45.7893102609, -108.54882784)",104170,9.0,9.2,5.7,6.1,2.7,2.8,5.5,5.7
WI,Green Bay,9.5,6.7,3.2,6.5,"(44.5149847816, -87.9896195955)",104057,9.4,9.6,6.5,6.9,3.1,3.3,6.3,6.6
UT,West Jordan,8.9,4.5,2.5,4.7,"(40.6022598635, -112.000961848)",103712,8.8,9.0,4.3,4.6,2.4,2.6,4.6,4.8
CA,Richmond,9.4,5.6,3.4,5.6,"(37.9479710365, -122.336803759)",103701,9.3,9.5,5.5,5.7,3.3,3.5,5.5,5.7
CA,Murrieta,8.3,4.9,2.4,5.1,"(33.5719743356, -117.190921143)",103466,8.2,8.4,4.8,5.1,2.4,2.5,4.9,5.2
CA,Burbank,8.1,4.9,2.4,4.7,"(34.1879799605, -118.323429032)",103340,8.0,8.2,4.8,5.1,2.4,2.5,4.6,4.8
FL,Palm Bay,8.6,8.1,3.5,6.6,"(27.9838255249, -80.6666722846)",103190,8.4,8.7,7.9,8.4,3.4,3.6,6.5,6.8
WA,Everett,10.1,6.9,3.1,6.1,"(47.9497966189, -122.160703911)",103019,10.0,10.2,6.7,7.1,3.1,3.2,6.0,6.2
MI,Flint,13.5,11.7,5.8,9.0,"(43.0236339386, -83.6920640313)",102434,13.4,13.7,11.4,11.9,5.7,5.9,8.9,9.1
CA,Antioch,9.2,5.7,2.9,5.6,"(37.9777042922, -121.796606971)",102372,9.0,9.3,5.6,5.9,2.9,3.0,5.5,5.6
PA,Erie,11.2,8.5,4.0,7.4,"(42.1164698754, -80.0730358517)",101786,11.1,11.3,8.3,8.7,3.9,4.1,7.2,7.5
IN,South Bend,11.5,8.7,4.1,7.3,"(41.6769914549, -86.2690372417)",101168,11.4,11.7,8.5,8.9,4.0,4.1,7.2,7.4
CA,Daly City,7.0,3.5,2.0,4.2,"(37.6861552276, -122.468298024)",101123,6.9,7.1,3.4,3.6,2.0,2.1,4.1,4.3
CO,Centennial,7.9,3.7,1.9,4.0,"(39.592872073, -104.867986891)",100377,7.8,8.0,3.5,3.8,1.9,2.0,3.9,4.1
CA,Temecula,8.1,4.6,2.3,4.9,"(33.5029980884, -117.12239028)",100097,8.0,8.2,4.5,4.8,2.2,2.4,4.8,5.0
TX,Odessa,8.8,5.9,3.0,6.2,"(31.879456461, -102.344465435)",99940,8.6,8.9,5.8,6.1,2.9,3.1,6.0,6.3
FL,West Palm Beach,8.0,7.0,3.5,6.4,"(26.7478714655, -80.1337397544)",99919,7.9,8.1,6.8,7.2,3.4,3.6,6.3,6.5
TX,Round Rock,8.4,4.9,2.5,5.2,"(30.5239578235, -97.6669801882)",99887,8.3,8.5,4.7,5.1,2.4,2.6,5.1,5.4
FL,Pompano Beach,8.4,7.8,3.8,6.7,"(26.2428335699, -80.131245161)",99845,8.3,8.6,7.6,8.0,3.7,3.9,6.5,6.8
IA,Davenport,8.5,5.9,3.0,6.1,"(41.5557926876, -90.6051730163)",99685,8.4,8.6,5.8,6.1,3.0,3.1,5.9,6.2
CA,Santa Maria,9.5,7.1,3.6,6.7,"(34.9333735757, -120.443326954)",99553,9.3,9.7,6.9,7.3,3.5,3.7,6.6,6.9
CA,El Cajon,9.5,7.2,3.5,6.2,"(32.8016581921, -116.960483614)",99478,9.4,9.7,7.0,7.4,3.4,3.6,6.1,6.4
TX,Richardson,7.9,4.4,2.3,5.0,"(32.9716582389, -96.7093052991)",99223,7.8,8.0,4.3,4.6,2.2,2.4,4.9,5.1
WI,Kenosha,9.5,6.5,3.1,6.3,"(42.585570271, -87.8735745085)",99218,9.4,9.7,6.3,6.7,3.1,3.2,6.2,6.5
CA,Rialto,9.9,6.5,3.6,6.4,"(34.1128158089, -117.388535978)",99171,9.8,10.1,6.3,6.6,3.6,3.7,6.3,6.5
OK,Broken Arrow,9.3,5.8,2.6,5.6,"(36.0366324911, -95.7809572414)",98850,9.2,9.4,5.6,5.9,2.5,2.7,5.5,5.7
MI,Dearborn,11.6,10.4,3.8,7.5,"(42.3126884626, -83.2129368006)",98153,11.4,11.8,10.1,10.7,3.7,3.9,7.4,7.7
NY,Albany,11.9,7.1,3.5,6.3,"(42.6663969604, -73.7986826267)",97856,11.7,12.0,6.9,7.3,3.4,3.6,6.2,6.5
NM,Las Cruces,10.3,5.8,3.1,6.1,"(32.326638797, -106.789465579)",97618,10.1,10.4,5.6,6.0,3.0,3.2,5.9,6.2
SC,North Charleston,10.1,8.0,4.4,7.0,"(32.9100915071, -80.0738525014)",97471,9.9,10.2,7.8,8.2,4.3,4.5,6.9,7.1
FL,Lakeland,8.7,8.1,3.8,6.8,"(28.0558482664, -81.9539536462)",97422,8.6,8.9,7.9,8.3,3.7,3.9,6.7,6.9
CO,Boulder,8.1,4.2,2.3,4.5,"(40.0275510494, -105.25151776)",97385,8.0,8.2,4.1,4.4,2.2,2.4,4.4,4.7
CA,San Mateo,8.0,4.2,2.1,4.4,"(37.5518226893, -122.312390346)",97207,7.9,8.1,4.1,4.3,2.1,2.2,4.3,4.5
VA,Roanoke,9.9,7.7,3.7,6.5,"(37.2782181855, -79.9581615989)",97032,9.8,10.1,7.4,7.9,3.6,3.8,6.4,6.7
MI,Livonia,9.8,6.4,2.4,5.4,"(42.3971592737, -83.3733073683)",96942,9.6,9.9,6.2,6.6,2.3,2.4,5.3,5.5
TX,Tyler,9.6,6.5,3.5,6.3,"(32.3154021183, -95.3050093799)",96900,9.5,9.7,6.3,6.7,3.4,3.6,6.2,6.4
OK,Lawton,10.1,8.0,3.7,7.1,"(34.6170564899, -98.4203934803)",96867,10.0,10.2,7.8,8.2,3.7,3.8,6.9,7.2
CA,Compton,10.2,7.0,4.6,6.5,"(33.892965693, -118.227506568)",96455,10.0,10.3,6.9,7.2,4.5,4.7,6.4,6.6
CA,Clovis,9.0,5.6,2.7,5.2,"(36.8289400179, -119.68665285)",95631,8.9,9.1,5.5,5.8,2.6,2.7,5.1,5.4
VA,Portsmouth,10.2,7.0,3.8,6.1,"(36.8451450228, -76.3552763467)",95535,10.1,10.3,6.8,7.2,3.7,3.9,6.0,6.3
TX,Lewisville,8.5,5.5,2.8,5.6,"(33.0451992429, -96.9829273031)",95290,8.4,8.6,5.4,5.7,2.7,2.8,5.5,5.7
MA,New Bedford,13.1,10.0,3.9,7.4,"(41.6712667258, -70.9441204537)",95072,12.9,13.3,9.8,10.2,3.8,4.0,7.3,7.6
CA,South Gate,8.6,6.0,3.4,6.3,"(33.9447322664, -118.192550525)",94396,8.4,8.8,5.8,6.2,3.3,3.5,6.2,6.5
TX,College Station,8.4,5.3,2.8,5.7,"(30.5867615801, -96.2957958614)",93857,8.3,8.5,5.1,5.5,2.8,2.9,5.5,5.8
GA,Sandy Springs,7.7,4.7,2.3,4.7,"(33.9366669867, -84.3703197084)",93853,7.6,7.8,4.5,4.9,2.2,2.4,4.6,4.9
CA,Vista,8.7,6.0,3.0,5.7,"(33.1895481978, -117.238607217)",93834,8.6,8.8,5.8,6.1,2.9,3.1,5.6,5.8
MA,Brockton,12.9,8.3,3.7,6.7,"(42.082071372, -71.0241656338)",93810,12.8,13.0,8.1,8.5,3.6,3.7,6.6,6.8
CA,Mission Viejo,8.0,4.3,2.0,4.4,"(33.6095976891, -117.655029608)",93305,7.9,8.1,4.1,4.4,1.9,2.1,4.3,4.5
TX,San Angelo,8.7,6.1,3.0,6.1,"(31.440468746, -100.452243142)",93200,8.6,8.9,5.9,6.2,2.9,3.1,6.0,6.3
AZ,Yuma,9.9,7.1,3.3,6.9,"(32.5986027117, -114.54836837)",93064,9.7,10.0,7.0,7.3,3.3,3.4,6.8,7.1
CO,Greeley,9.2,5.6,3.0,5.6,"(40.4141369521, -104.771170982)",92889,9.0,9.3,5.4,5.7,2.9,3.1,5.5,5.8
CA,Vacaville,9.1,5.5,2.7,5.4,"(38.3597235063, -121.96903046)",92428,9.0,9.2,5.3,5.7,2.6,2.7,5.2,5.5
WA,Kent,9.9,6.3,3.2,6.0,"(47.3849636272, -122.217890194)",92411,9.8,10.1,6.1,6.5,3.1,3.3,5.8,6.1
MA,Quincy,9.8,5.4,2.4,5.3,"(42.2492981918, -71.0218764062)",92271,9.7,9.9,5.2,5.6,2.3,2.5,5.1,5.4
FL,Davie,7.2,5.8,2.6,5.5,"(26.0789340778, -80.2869750311)",91992,7.1,7.3,5.6,6.0,2.6,2.7,5.3,5.6
CA,Carson,8.0,4.4,2.7,4.7,"(33.8374083001, -118.255936422)",91714,7.9,8.1,4.3,4.5,2.6,2.7,4.6,4.7
OR,Hillsboro,9.7,5.4,2.6,5.3,"(45.529027994, -122.937442209)",91611,9.5,9.8,5.2,5.6,2.5,2.7,5.2,5.5
MO,Lee's Summit,9.1,5.7,2.3,5.0,"(38.9170508128, -94.3814865856)",91364,9.0,9.2,5.4,5.9,2.2,2.4,4.9,5.2
GA,Macon,11.1,9.9,5.7,7.7,"(32.8320417692, -83.6495823768)",91351,11.0,11.3,9.7,10.1,5.6,5.8,7.6,7.8
TX,Pearland,7.9,4.2,2.2,4.8,"(29.5584850577, -95.3208389111)",91252,7.8,8.1,4.0,4.4,2.1,2.3,4.6,4.9
WA,Yakima,10.6,7.7,3.7,6.8,"(46.5925792092, -120.547807614)",91067,10.5,10.8,7.5,7.9,3.6,3.8,6.6,6.9
WA,Renton,9.1,5.0,2.6,5.1,"(47.4760546752, -122.191153327)",90927,9.0,9.2,4.8,5.1,2.6,2.7,5.0,5.2
AL,Tuscaloosa,9.7,8.3,4.1,6.8,"(33.2336083951, -87.5268004073)",90468,9.6,9.8,8.0,8.5,4.0,4.2,6.7,7.0
MA,Lynn,11.4,7.3,3.3,6.8,"(42.4783322881, -70.9662372538)",90329,11.3,11.6,7.1,7.5,3.3,3.4,6.6,6.9
NV,Sparks,8.8,6.3,3.0,6.1,"(39.573373276, -119.713134168)",90264,8.7,9.0,6.1,6.5,2.9,3.1,6.0,6.3
CA,Hesperia,10.1,7.6,3.7,6.9,"(34.3973476773, -117.314392219)",90173,10.0,10.3,7.4,7.8,3.6,3.8,6.8,7.0
CA,Redding,9.6,6.9,3.1,6.0,"(40.5697591271, -122.365026322)",89861,9.5,9.8,6.7,7.1,3.0,3.2,5.9,6.1
OR,Beaverton,9.6,5.1,2.5,5.1,"(45.4795765674, -122.814973469)",89803,9.4,9.7,4.9,5.3,2.4,2.6,5.0,5.2
WA,Spokane Valley,10.7,7.0,2.9,5.9,"(47.662556574, -117.234571922)",89755,10.6,10.9,6.8,7.2,2.8,3.0,5.8,6.1
CA,Santa Monica,7.7,4.0,2.1,4.1,"(34.0231891612, -118.481563937)",89736,7.6,7.8,3.8,4.1,2.0,2.1,4.0,4.2
CA,Westminster,7.8,5.4,2.8,5.6,"(33.7521523769, -117.993760054)",89701,7.7,8.0,5.2,5.5,2.7,2.8,5.5,5.7
WA,Federal Way,9.7,5.8,3.0,5.7,"(47.3090846316, -122.335755583)",89306,9.6,9.8,5.6,6.0,2.9,3.1,5.6,5.8
IL,Waukegan,10.0,7.1,3.8,7.1,"(42.3702955582, -87.8712595095)",89078,9.8,10.1,7.0,7.3,3.7,3.9,7.0,7.3
MA,Fall River,13.1,10.1,3.7,7.4,"(41.7139907598, -71.0996396919)",88857,12.8,13.3,9.8,10.4,3.6,3.8,7.2,7.5
CA,Santa Barbara,8.4,4.9,2.4,5.0,"(34.4285733874, -119.720187334)",88410,8.3,8.5,4.7,5.0,2.4,2.5,4.9,5.1
GA,Roswell,7.5,4.6,2.2,4.7,"(34.0391384583, -84.3512225277)",88346,7.3,7.6,4.4,4.8,2.1,2.3,4.5,4.8
UT,Orem,8.7,5.0,2.7,5.1,"(40.2987127625, -111.699188517)",88328,8.5,8.8,4.9,5.2,2.7,2.8,5.0,5.3
PA,Reading,11.7,9.7,4.9,8.7,"(40.3399678686, -75.9266128837)",88082,11.6,11.8,9.6,9.9,4.8,5.0,8.6,8.8
FL,Miami Beach,6.5,5.1,2.6,5.5,"(25.8167101614, -80.1341952652)",87779,6.4,6.5,4.9,5.2,2.5,2.6,5.4,5.6
KS,Lawrence,9.1,5.4,2.7,5.5,"(38.9599302924, -95.2628259088)",87643,9.0,9.3,5.2,5.6,2.7,2.8,5.3,5.6
NM,Rio Rancho,9.7,5.2,2.6,5.1,"(35.287307935, -106.697981552)",87521,9.5,9.8,5.0,5.4,2.5,2.7,5.0,5.3
UT,Sandy,8.6,3.9,2.2,4.3,"(40.5702254423, -111.852431062)",87461,8.4,8.7,3.8,4.0,2.2,2.3,4.2,4.4
NH,Nashua,10.4,6.3,2.5,5.5,"(42.7491554459, -71.4909587631)",86494,10.2,10.6,6.0,6.5,2.5,2.6,5.3,5.6
CO,Longmont,8.4,5.0,2.5,4.9,"(40.1695164708, -105.10195106)",86270,8.3,8.5,4.8,5.1,2.4,2.6,4.8,5.1
MN,Duluth,8.5,5.5,3.0,5.7,"(46.7854703427, -92.1342013763)",86265,8.4,8.6,5.3,5.6,2.9,3.1,5.6,5.8
AR,Fort Smith,10.2,9.0,3.9,7.8,"(35.3491692636, -94.3696317306)",86209,10.0,10.3,8.8,9.2,3.8,4.0,7.7,8.0
CA,Chico,9.5,6.3,2.9,5.8,"(39.7568503668, -121.815983972)",86187,9.4,9.6,6.1,6.5,2.8,3.0,5.6,5.9
CT,Norwalk,8.9,4.7,2.4,4.9,"(41.1175631682, -73.4224513123)",85603,8.8,9.0,4.6,4.9,2.3,2.5,4.8,5.0
CA,Whittier,7.7,4.6,2.4,4.8,"(33.9678255596, -118.018796341)",85331,7.6,7.8,4.5,4.7,2.4,2.5,4.7,4.9
CA,Newport Beach,7.8,3.8,1.9,4.2,"(33.6150103607, -117.867364631)",85186,7.7,7.9,3.7,4.0,1.8,1.9,4.1,4.3
FL,Deltona,8.3,8.2,3.3,6.9,"(28.905060048, -81.2134269839)",85182,8.2,8.4,8.0,8.5,3.3,3.4,6.8,7.0
MA,Newton,9.2,3.7,1.8,4.0,"(42.3316567616, -71.2084466944)",85146,9.1,9.4,3.5,3.8,1.7,1.8,3.9,4.1
FL,Plantation,7.4,5.4,2.6,5.1,"(26.1259853923, -80.2616762465)",84955,7.3,7.5,5.2,5.6,2.5,2.7,5.0,5.3
CA,San Leandro,8.7,4.7,2.5,4.9,"(37.7074299262, -122.159061655)",84950,8.6,8.8,4.6,4.9,2.5,2.6,4.8,5.0
NJ,Trenton,10.7,9.3,5.1,7.9,"(40.2237289981, -74.7639943311)",84913,10.6,10.9,9.1,9.5,5.0,5.2,7.8,8.0
VA,Suffolk,9.5,6.1,3.2,5.7,"(36.6930367981, -76.6414278469)",84585,9.3,9.6,6.0,6.3,3.2,3.3,5.6,5.8
NC,Greenville,9.4,7.0,4.0,6.6,"(35.5959211876, -77.3766133673)",84554,9.3,9.6,6.8,7.2,3.9,4.1,6.4,6.7
FL,Sunrise,8.0,6.5,3.3,5.9,"(26.1546878303, -80.299841102)",84439,7.9,8.1,6.3,6.7,3.2,3.4,5.7,6.0
FL,Boca Raton,6.9,5.3,2.3,5.2,"(26.3749012715, -80.1078208861)",84392,6.9,7.0,5.1,5.5,2.2,2.4,5.1,5.3
CA,Hawthorne,9.2,5.8,3.5,5.6,"(33.914667701, -118.347667728)",84293,9.0,9.3,5.6,5.9,3.4,3.5,5.5,5.7
TX,Allen,7.9,4.2,2.1,4.7,"(33.1087043234, -96.6735373763)",84246,7.7,8.0,4.0,4.4,2.0,2.2,4.6,4.9
NJ,Clifton,8.1,5.7,2.4,5.4,"(40.8631217425, -74.1575145342)",84136,8.0,8.2,5.5,5.9,2.4,2.5,5.3,5.6
MI,Westland,11.1,8.5,3.2,6.4,"(42.3192220455, -83.3805461719)",84094,10.9,11.2,8.2,8.7,3.1,3.3,6.3,6.6
IL,Cicero,9.4,7.0,3.7,7.2,"(41.844539143, -87.7592873023)",83891,9.2,9.6,6.8,7.2,3.6,3.8,7.1,7.4
CA,San Marcos,8.3,5.3,2.7,5.2,"(33.134965986, -117.174363098)",83781,8.2,8.5,5.0,5.5,2.6,2.8,5.0,5.4
TX,League City,8.1,4.4,2.2,4.8,"(29.4872995808, -95.1089858945)",83560,8.0,8.2,4.2,4.6,2.1,2.2,4.6,4.9
NC,Asheville,8.3,5.9,2.9,5.7,"(35.5708251391, -82.5537350816)",83393,8.2,8.5,5.7,6.1,2.8,3.0,5.6,5.9
CA,Citrus Heights,10.1,6.5,2.9,5.7,"(38.6947788342, -121.287991502)",83301,9.9,10.2,6.3,6.6,2.8,3.0,5.6,5.8
CA,Alhambra,6.8,4.0,2.3,4.5,"(34.0839734383, -118.135514119)",83089,6.7,6.9,3.8,4.1,2.3,2.4,4.4,4.6
CA,Tracy,8.7,5.2,2.6,5.3,"(37.7243277375, -121.444621463)",82922,8.5,8.8,5.1,5.4,2.5,2.7,5.2,5.4
MN,Bloomington,7.8,3.8,2.2,4.6,"(44.8305852429, -93.3150995817)",82893,7.7,7.9,3.7,3.9,2.2,2.3,4.5,4.7
UT,Ogden,9.5,6.3,3.4,6.3,"(41.2281567535, -111.967450557)",82825,9.4,9.7,6.1,6.4,3.3,3.5,6.1,6.4
IA,Sioux City,8.6,6.4,3.2,6.3,"(42.4963149039, -96.3913834837)",82684,8.5,8.8,6.2,6.6,3.1,3.3,6.2,6.4
RI,Warwick,11.4,6.6,2.4,5.3,"(41.7064727301, -71.4345615049)",82672,11.2,11.6,6.4,6.9,2.3,2.5,5.2,5.4
AL,Hoover,7.9,5.1,2.2,5.1,"(33.3767602729, -86.8051937568)",81619,7.7,8.0,4.9,5.3,2.1,2.2,5.0,5.2
OH,Parma,9.4,7.3,2.7,6.1,"(41.3842399838, -81.728599153)",81601,9.3,9.5,7.1,7.5,2.7,2.8,6.0,6.2
ID,Nampa,10.0,6.9,3.5,6.7,"(43.5829315681, -116.564145085)",81557,9.8,10.2,6.6,7.1,3.4,3.6,6.5,6.8
OK,Edmond,9.1,5.2,2.4,5.3,"(35.6689350516, -97.4159205309)",81405,9.0,9.2,5.0,5.4,2.3,2.4,5.2,5.4
IL,Champaign,9.2,5.6,2.8,5.5,"(40.1151051361, -88.2729845986)",81055,9.0,9.3,5.4,5.8,2.7,2.9,5.3,5.6
MI,Troy,8.7,4.9,2.1,4.9,"(42.5817340358, -83.1457545154)",80980,8.6,8.9,4.7,5.1,2.0,2.2,4.7,5.0
CA,Livermore,8.7,4.6,2.2,4.6,"(37.6865101361, -121.764357841)",80968,8.6,8.9,4.4,4.7,2.1,2.2,4.4,4.7
CT,Danbury,9.2,5.5,2.6,5.4,"(41.4015898606, -73.470938682)",80893,9.1,9.4,5.3,5.7,2.5,2.7,5.2,5.5
WA,Bellingham,10.1,6.3,2.9,5.8,"(48.7535370315, -122.468092906)",80885,9.9,10.3,6.0,6.5,2.8,3.0,5.7,6.0
IN,Hammond,10.6,8.2,3.9,7.4,"(41.6171442828, -87.4909551115)",80830,10.4,10.8,8.0,8.5,3.8,4.0,7.3,7.5
CA,Buena Park,8.0,5.0,2.6,5.2,"(33.8572126844, -118.004517591)",80530,7.9,8.1,4.9,5.2,2.5,2.6,5.1,5.3
TX,Longview,9.7,7.0,3.6,6.5,"(32.5192857856, -94.762197598)",80455,9.6,9.9,6.8,7.2,3.5,3.7,6.4,6.6
IN,Bloomington,10.2,7.1,3.1,6.4,"(39.1637458221, -86.5257124351)",80405,10.1,10.4,6.8,7.3,3.0,3.2,6.2,6.5
RI,Cranston,11.3,6.4,2.5,5.6,"(41.7658017135, -71.4861485002)",80387,11.1,11.5,6.2,6.7,2.4,2.6,5.5,5.8
IN,Gary,13.0,9.3,5.9,7.9,"(41.5904779239, -87.3472907397)",80294,12.8,13.2,9.0,9.5,5.8,6.0,7.8,8.1
CA,Lakewood,7.9,4.7,2.4,4.6,"(33.8470531941, -118.122204765)",80048,7.8,8.0,4.5,4.8,2.3,2.4,4.5,4.7
MI,Farmington Hills,9.4,5.3,2.3,5.0,"(42.4859956992, -83.3771159714)",79740,9.3,9.6,5.1,5.5,2.3,2.4,4.9,5.1
MO,O'Fallon,9.0,5.9,2.3,5.2,"(38.7852244161, -90.7176856736)",79329,8.9,9.1,5.7,6.2,2.2,2.4,5.1,5.3
IN,Carmel,8.7,4.0,1.9,4.6,"(39.9658404613, -86.1461278461)",79191,8.5,8.8,3.8,4.2,1.8,2.0,4.5,4.8
NC,Concord,8.5,6.6,3.2,6.1,"(35.3939316958, -80.6352429349)",79066,8.3,8.6,6.4,6.8,3.1,3.3,6.0,6.3
CA,Merced,9.7,7.7,4.0,7.1,"(37.3055863217, -120.477710571)",78958,9.6,9.9,7.5,7.9,3.9,4.0,6.9,7.2
WI,Racine,10.1,6.8,3.6,6.6,"(42.7274599494, -87.813453024)",78860,9.9,10.2,6.6,7.0,3.5,3.7,6.5,6.8
TX,Sugar Land,7.0,3.5,1.9,4.3,"(29.5974680902, -95.627455775)",78817,6.9,7.2,3.3,3.6,1.8,2.0,4.2,4.4
CA,Hemet,9.7,7.6,3.7,6.9,"(33.7352277311, -116.994605005)",78657,9.5,9.8,7.4,7.8,3.6,3.8,6.7,7.0
CA,Chino,8.7,5.1,2.6,5.4,"(33.983588126, -117.665296584)",77983,8.6,8.9,4.9,5.3,2.6,2.7,5.2,5.5
FL,Largo,8.1,8.1,3.2,6.7,"(27.9090907734, -82.7714203383)",77648,8.0,8.2,7.8,8.3,3.2,3.3,6.5,6.8
CA,Menifee,8.7,5.8,2.8,5.7,"(33.6909533045, -117.18487699)",77519,8.6,8.9,5.6,6.0,2.8,2.9,5.6,5.9
GA,Albany,10.9,9.0,5.3,7.2,"(31.5776036766, -84.1763240815)",77434,10.7,11.2,8.7,9.3,5.1,5.4,7.0,7.4
NJ,Camden,11.0,9.7,5.5,8.9,"(39.9361910066, -75.1072961899)",77344,10.9,11.2,9.5,9.9,5.4,5.7,8.7,9.0
CA,Lake Forest,7.9,4.5,2.2,4.7,"(33.6634128948, -117.670683341)",77264,7.8,8.0,4.3,4.7,2.1,2.3,4.5,4.9
TX,Edinburg,7.6,5.4,3.2,6.4,"(26.3155843974, -98.1637130371)",77100,7.4,7.8,5.2,5.6,3.1,3.3,6.3,6.6
NY,New Rochelle,10.5,5.5,2.7,5.2,"(40.9321713141, -73.7843883178)",77062,10.3,10.6,5.3,5.7,2.6,2.7,5.1,5.4
TX,Mission,7.8,5.7,3.2,6.4,"(26.2033406464, -98.322770513)",77058,7.6,8.0,5.4,5.9,3.1,3.3,6.2,6.6
CA,Napa,8.9,5.6,2.6,5.3,"(38.2980424649, -122.301093331)",76915,8.7,9.0,5.4,5.8,2.5,2.7,5.2,5.4
CA,Redwood City,8.2,4.4,2.2,4.6,"(37.5009145276, -122.224767617)",76815,8.1,8.3,4.3,4.6,2.2,2.3,4.5,4.7
IN,Fishers,8.9,4.1,1.9,4.6,"(39.9587635263, -85.969310702)",76794,8.7,9.1,3.9,4.3,1.8,2.0,4.5,4.8
MO,St. Joseph,10.1,8.7,3.4,6.7,"(39.7598312179, -94.8209246813)",76780,9.9,10.2,8.4,8.9,3.3,3.5,6.6,6.9
GA,Johns Creek,6.8,3.8,1.9,4.2,"(34.0332991998, -84.2027195506)",76728,6.7,6.9,3.7,4.0,1.8,1.9,4.1,4.4
OR,Bend,9.7,5.6,2.6,5.4,"(44.0561827184, -121.308690416)",76639,9.5,9.9,5.3,5.9,2.5,2.7,5.2,5.5
CA,Bellflower,8.5,5.6,3.0,5.4,"(33.8880417923, -118.127100236)",76616,8.4,8.6,5.5,5.7,3.0,3.1,5.3,5.5
IL,Bloomington,9.1,5.7,2.6,5.5,"(40.4756778366, -88.9700813515)",76610,9.0,9.2,5.5,5.9,2.6,2.7,5.4,5.7
MA,Lawrence,11.3,7.7,3.8,7.7,"(42.7002772201, -71.1626790341)",76377,11.1,11.5,7.5,8.0,3.7,3.9,7.5,7.9
AZ,Avondale,9.9,6.1,3.2,6.2,"(33.3858367405, -112.323626619)",76238,9.8,10.0,5.9,6.3,3.2,3.3,6.1,6.4
TX,Bryan,9.4,6.5,3.5,6.5,"(30.6665687582, -96.3663819223)",76201,9.3,9.6,6.2,6.7,3.4,3.6,6.3,6.6
IL,Decatur,10.7,8.0,3.7,6.7,"(39.8555822645, -88.9336983421)",76122,10.5,10.8,7.8,8.2,3.7,3.8,6.6,6.9
PA,Scranton,10.7,7.9,3.5,6.9,"(41.4043729362, -75.6649126898)",76089,10.5,10.9,7.6,8.1,3.4,3.6,6.8,7.1
FL,Melbourne,8.3,8.0,3.3,6.5,"(28.1158805782, -80.6508814613)",76068,8.2,8.5,7.8,8.3,3.3,3.4,6.4,6.7
CA,Indio,8.7,6.1,3.2,6.4,"(33.7298067837, -116.237258141)",76036,8.5,8.9,5.9,6.3,3.1,3.3,6.2,6.5
MN,Brooklyn Park,8.2,4.3,2.7,5.0,"(45.1112033916, -93.3505067942)",75781,8.1,8.4,4.1,4.4,2.6,2.8,4.8,5.1
MA,Somerville,10.1,5.1,2.5,5.0,"(42.3905738858, -71.1017450879)",75754,10.0,10.3,4.8,5.3,2.4,2.6,4.8,5.1
VA,Lynchburg,9.6,7.1,3.6,6.3,"(37.4004163016, -79.1911081)",75568,9.4,9.7,6.9,7.3,3.5,3.7,6.1,6.4
CA,Tustin,8.0,4.7,2.4,4.9,"(33.7308520326, -117.810730968)",75540,7.8,8.1,4.6,4.9,2.3,2.5,4.8,5.1
CA,Baldwin Park,7.8,5.0,2.9,5.5,"(34.082871519, -117.972100918)",75390,7.7,8.0,4.9,5.2,2.8,2.9,5.4,5.7
FL,Palm Coast,8.0,7.1,3.1,6.1,"(29.5405590976, -81.2508206143)",75180,7.9,8.1,6.8,7.3,3.0,3.2,6.0,6.2
IL,Arlington Heights,8.4,4.5,2.0,4.5,"(42.095623342, -87.9825627457)",75101,8.3,8.5,4.3,4.6,2.0,2.1,4.4,4.6
ID,Meridian,8.9,4.8,2.4,5.1,"(43.6185195383, -116.39758487)",75092,8.7,9.2,4.5,5.1,2.3,2.6,4.9,5.3
FL,Deerfield Beach,8.4,7.6,3.5,6.4,"(26.3049966413, -80.1277706584)",75018,8.2,8.5,7.3,7.8,3.4,3.7,6.2,6.6
PA,Bethlehem,10.1,6.4,2.9,6.0,"(40.6266402578, -75.3679048175)",74982,9.9,10.2,6.2,6.6,2.8,3.0,5.9,6.2
OR,Medford,11.1,7.5,3.3,6.3,"(42.3371987584, -122.853625909)",74907,10.9,11.3,7.2,7.7,3.2,3.4,6.2,6.5
CA,Chino Hills,7.6,3.7,2.0,4.2,"(33.950774546, -117.725326968)",74799,7.5,7.7,3.5,3.8,1.9,2.0,4.1,4.3
IL,Evanston,8.8,4.4,2.4,4.6,"(42.0463099649, -87.6940348773)",74486,8.7,8.9,4.2,4.6,2.3,2.4,4.4,4.7
MI,Kalamazoo,11.8,8.9,4.0,7.0,"(42.2748756474, -85.588188576)",74262,11.6,11.9,8.7,9.2,3.9,4.1,6.9,7.2
IL,Schaumburg,8.2,4.5,2.1,4.6,"(42.0305488755, -88.0838663543)",74227,8.1,8.4,4.3,4.7,2.0,2.2,4.4,4.7
CA,Mountain View,7.4,3.5,1.9,4.1,"(37.3999252379, -122.079544343)",74066,7.3,7.5,3.4,3.6,1.8,1.9,4.0,4.2
WA,Kennewick,10.6,7.1,3.2,6.3,"(46.198438428, -119.173245847)",73917,10.4,10.8,6.9,7.4,3.1,3.3,6.2,6.5
CA,Alameda,8.3,4.0,2.1,4.2,"(37.7650849031, -122.266489842)",73812,8.2,8.4,3.8,4.1,2.0,2.1,4.1,4.3
CA,Upland,9.0,5.3,2.6,5.2,"(34.1178445701, -117.660290062)",73732,8.9,9.1,5.1,5.4,2.6,2.7,5.1,5.3
AR,Fayetteville,8.8,7.0,3.0,6.6,"(36.0712117312, -94.1659600436)",73580,8.7,9.0,6.7,7.3,2.9,3.1,6.4,6.8
IL,Bolingbrook,8.9,5.3,2.7,5.4,"(41.6911653908, -88.1011218035)",73366,8.8,9.1,5.1,5.5,2.6,2.8,5.3,5.5
CT,New Britain,11.3,7.3,3.4,6.6,"(41.675922654, -72.7861630705)",73206,11.2,11.5,7.1,7.5,3.3,3.5,6.5,6.8
OH,Canton,11.3,10.2,4.4,7.9,"(40.8080192662, -81.3676594998)",73007,11.1,11.4,10.0,10.4,4.3,4.5,7.7,8.0
UT,St. George,8.8,5.2,2.8,5.5,"(37.0787444634, -113.579352503)",72897,8.6,9.0,5.0,5.5,2.7,2.9,5.3,5.6
WI,Appleton,8.9,5.5,2.6,5.7,"(44.2776987457, -88.3897664444)",72623,8.8,9.0,5.4,5.7,2.6,2.7,5.5,5.8
CA,Folsom,8.5,4.2,2.0,4.4,"(38.6750494328, -121.147605753)",72203,8.4,8.7,4.0,4.4,2.0,2.1,4.3,4.6
CA,San Ramon,7.2,3.1,1.7,3.7,"(37.7623705462, -121.938150371)",72148,7.1,7.3,3.0,3.3,1.6,1.8,3.6,3.9
MI,Wyoming,10.6,8.0,3.1,6.5,"(42.8909745661, -85.7067229249)",72125,10.4,10.8,7.7,8.3,3.0,3.2,6.3,6.6
LA,Lake Charles,9.7,8.1,4.4,7.2,"(30.2030679966, -93.2148796496)",71993,9.5,9.8,7.9,8.4,4.3,4.5,7.0,7.4
TX,Baytown,9.0,6.6,3.3,6.7,"(29.7571153043, -94.9676276217)",71802,8.9,9.1,6.4,6.8,3.2,3.4,6.5,6.8
NC,Gastonia,9.4,7.8,3.9,7.0,"(35.2472984431, -81.1836588468)",71741,9.2,9.5,7.5,8.0,3.8,3.9,6.8,7.1
MI,Southfield,11.4,6.2,3.5,5.6,"(42.4765016267, -83.2605284738)",71739,11.3,11.6,6.0,6.4,3.4,3.5,5.5,5.7
RI,Pawtucket,12.9,8.4,3.4,6.8,"(41.8744534517, -71.3743580803)",71148,12.8,13.1,8.2,8.6,3.3,3.5,6.7,6.9
MI,Rochester Hills,9.0,5.0,2.1,4.8,"(42.6645256768, -83.1563037157)",70995,8.9,9.1,4.8,5.2,2.0,2.2,4.7,5.0
DE,Wilmington,10.7,7.6,4.4,6.6,"(39.7412748227, -75.5418960925)",70851,10.5,10.8,7.4,7.8,4.3,4.5,6.5,6.7
WI,Waukesha,8.6,5.3,2.5,5.5,"(43.0093332215, -88.2457679157)",70718,8.5,8.8,5.1,5.5,2.4,2.6,5.3,5.6
MN,Plymouth,7.3,3.1,1.9,4.1,"(45.022462874, -93.4616016242)",70576,7.2,7.5,3.0,3.3,1.8,2.0,4.0,4.2
TX,Pharr,8.3,6.6,3.8,7.3,"(26.168815399, -98.1904720704)",70400,8.0,8.7,6.2,6.9,3.6,4.0,7.1,7.6
CA,Pleasanton,7.9,3.5,1.8,3.9,"(37.6656092171, -121.880775002)",70285,7.8,8.0,3.4,3.7,1.7,1.8,3.8,4.0
WA,Auburn,10.0,6.5,3.2,6.1,"(47.3038544325, -122.210810557)",70180,9.9,10.2,6.3,6.7,3.1,3.2,6.0,6.2
NC,Jacksonville,8.4,6.5,3.4,6.3,"(34.7331103037, -77.3951822819)",70145,8.3,8.6,6.3,6.8,3.3,3.5,6.1,6.4
IN,Muncie,11.3,9.2,3.9,7.5,"(40.1987098324, -85.3942940148)",70085,11.1,11.5,8.9,9.5,3.8,4.0,7.3,7.7
AR,Springdale,9.4,8.6,3.5,7.7,"(36.1869932598, -94.1536274531)",69797,9.2,9.6,8.2,8.9,3.4,3.7,7.5,7.9
NJ,Passaic,9.1,8.1,4.1,7.7,"(40.8574581109, -74.1281123174)",69781,8.9,9.4,7.9,8.4,4.0,4.2,7.6,7.9
CA,Lynwood,9.4,6.8,4.1,6.8,"(33.9239616867, -118.201648375)",69772,9.1,9.6,6.6,7.0,4.0,4.2,6.7,7.0
CA,Union City,7.5,3.7,2.1,4.3,"(37.6028390812, -122.018966106)",69516,7.4,7.6,3.5,3.8,2.0,2.2,4.2,4.4
CA,Apple Valley,10.1,7.0,3.3,6.2,"(34.5315984948, -117.211012664)",69135,9.9,10.3,6.8,7.3,3.2,3.4,6.1,6.4
CA,Redlands,9.0,5.1,2.5,5.0,"(34.0511315317, -117.170935294)",68747,8.9,9.2,4.9,5.4,2.4,2.6,4.9,5.2
IL,Palatine,8.4,4.7,2.2,4.7,"(42.1180663695, -88.042989882)",68557,8.3,8.6,4.5,4.9,2.1,2.3,4.6,4.9
CA,Turlock,9.3,6.4,3.0,6.0,"(37.5052158271, -120.858762412)",68549,9.2,9.5,6.1,6.6,2.9,3.1,5.9,6.2
IA,Waterloo,8.9,6.2,3.4,6.1,"(42.4919736932, -92.3521759342)",68406,8.7,9.0,6.0,6.4,3.3,3.4,6.0,6.3
CA,Perris,9.2,6.5,3.8,6.9,"(33.7897346094, -117.223291831)",68386,9.0,9.4,6.3,6.7,3.7,3.9,6.7,7.0
FL,Boynton Beach,8.2,7.4,3.4,6.4,"(26.5279818052, -80.0814660417)",68217,8.1,8.4,7.2,7.6,3.4,3.5,6.3,6.6
SD,Rapid City,8.3,6.0,3.0,6.2,"(44.0705009564, -103.218361421)",67956,8.2,8.5,5.9,6.3,3.0,3.1,6.1,6.4
NM,Santa Fe,9.3,4.7,2.4,4.9,"(35.6662719601, -105.972662995)",67947,9.2,9.4,4.5,4.8,2.4,2.5,4.8,5.0
IA,Iowa City,7.9,4.9,2.7,5.3,"(41.6558950332, -91.5308854927)",67862,7.7,8.0,4.7,5.1,2.6,2.7,5.2,5.5
SC,Mount Pleasant,7.8,4.6,2.1,4.6,"(32.8538274584, -79.8230343029)",67843,7.7,8.0,4.3,4.9,2.0,2.2,4.4,4.8
MS,Gulfport,9.1,7.9,4.2,7.5,"(30.427377008, -89.0701908439)",67793,8.9,9.2,7.7,8.1,4.1,4.3,7.4,7.7
TX,Missouri City,8.4,4.1,2.5,4.7,"(29.563674661, -95.5382066661)",67358,8.3,8.6,3.9,4.2,2.4,2.6,4.6,4.9
UT,Layton,8.6,4.7,2.5,5.0,"(41.077181614, -111.961589302)",67311,8.5,8.7,4.5,4.8,2.4,2.6,4.9,5.2
NY,Mount Vernon,12.4,6.5,3.7,5.7,"(40.9136008569, -73.8291001676)",67292,12.2,12.6,6.3,6.7,3.6,3.8,5.6,5.8
AR,Jonesboro,9.3,7.7,3.3,6.9,"(35.8208121538, -90.6794991686)",67263,9.2,9.5,7.4,8.0,3.2,3.4,6.7,7.1
IN,Lafayette,10.7,7.7,3.3,6.8,"(40.3994285285, -86.8617007404)",67140,10.6,10.9,7.4,8.0,3.2,3.4,6.6,7.0
CA,Manteca,9.3,6.3,3.0,5.9,"(37.7961925102, -121.231230612)",67096,9.1,9.4,6.1,6.5,2.9,3.0,5.8,6.0
OH,Youngstown,11.3,10.8,5.4,8.6,"(41.0993286607, -80.6463187081)",66982,11.2,11.5,10.6,11.0,5.3,5.5,8.4,8.7
FL,Lauderhill,9.9,8.3,4.9,6.8,"(26.1605584187, -80.2241278263)",66887,9.7,10.1,8.0,8.6,4.7,5.0,6.7,7.0
CO,Loveland,8.9,4.9,2.5,4.8,"(40.4165693758, -105.061758435)",66859,8.8,9.1,4.7,5.1,2.4,2.6,4.6,4.9
CA,Milpitas,6.7,3.2,1.9,4.1,"(37.433869763, -121.892083025)",66790,6.6,6.8,3.1,3.3,1.8,1.9,4.0,4.2
MT,Missoula,9.2,6.1,2.8,5.6,"(46.8694402455, -114.009863843)",66788,9.0,9.4,5.9,6.4,2.7,2.9,5.5,5.8
CA,Redondo Beach,7.4,3.7,1.9,3.9,"(33.8575280159, -118.376567893)",66748,7.3,7.5,3.5,3.8,1.8,1.9,3.8,4.0
LA,Kenner,8.6,6.8,3.2,6.7,"(30.0106937201, -90.2550320135)",66702,8.4,8.7,6.6,7.0,3.2,3.3,6.5,6.8
GA,Warner Robins,9.4,8.1,3.9,6.8,"(32.5985113609, -83.6530271267)",66588,9.3,9.6,7.8,8.3,3.8,4.0,6.6,6.9
NJ,Union City,8.3,6.6,3.3,7.0,"(40.7674606884, -74.032293507)",66455,8.2,8.5,6.3,6.8,3.2,3.4,6.8,7.1
ME,Portland,11.4,6.2,2.8,5.7,"(43.6779836271, -70.2752544531)",66194,11.2,11.5,5.9,6.4,2.7,2.8,5.6,5.9
SC,Rock Hill,9.7,7.2,3.6,6.3,"(34.9403611496, -81.0249178286)",66154,9.6,9.9,7.0,7.5,3.5,3.8,6.2,6.5
NY,Schenectady,12.3,8.5,3.6,7.0,"(42.8025204414, -73.9275333869)",66135,12.1,12.5,8.3,8.8,3.5,3.7,6.8,7.1
WY,Cheyenne,8.6,6.0,2.6,5.4,"(41.1460804265, -104.789064332)",59466,8.4,8.8,5.7,6.2,2.5,2.6,5.2,5.5
WV,Charleston,10.9,9.3,3.2,7.5,"(38.3484079736, -81.632165003)",51400,10.7,11.1,9.0,9.6,3.1,3.3,7.3,7.7
VT,Burlington,10.6,6.0,2.9,5.6,"(44.4876245694, -73.2314828365)",42417,10.3,10.8,5.6,6.3,2.7,3.0,5.4,5.9
