lat,lng,date,time,PM25,index
34.005852,71.53775,6/18/2019,19:00,168,1
31.560078,74.33589,6/18/2019,19:00,163,2
25.258481,55.309165,6/18/2019,19:00,158,3
25.258481,55.309165,6/18/2019,20:00,158,4
39.953352,116.466258,6/18/2019,19:00,155,5
-6.236704,106.793244,6/18/2019,19:00,154,6
-6.182536,106.834235,6/18/2019,19:00,152,7
23.796374,90.424614,6/18/2019,19:00,125,8
29.292317,48.047679,6/18/2019,19:00,115,9
33.7235,73.11822,6/18/2019,19:00,111,10
27.712464,85.315703,6/18/2019,19:15,110,11
20.558153,-101.20485,6/18/2019,19:00,106,12
20.558153,-101.20485,6/18/2019,20:00,106,13
24.8415,67.0091,6/18/2019,19:00,101,14
21.133894,-101.68025,6/18/2019,19:00,97,15
21.133894,-101.68025,6/18/2019,20:00,97,16
27.738703,85.336206,6/18/2019,19:15,87,17
20.537683,-100.83994,6/18/2019,19:00,84,18
19.529,-99.2045,6/18/2019,19:00,84,19
33.3128,44.3615,6/18/2019,19:00,84,20
20.537683,-100.83994,6/18/2019,20:00,84,21
48.971191,-115.195145,6/18/2019,19:00,80,22
20.450916,-101.528686,6/18/2019,19:00,80,23
20.450916,-101.528686,6/18/2019,20:00,80,24
-12.099398,-76.968882,6/18/2019,19:00,78,25
56.244722,-120.856111,6/18/2019,19:00,74,26
41.3672,69.2725,6/18/2019,19:00,73,27
42.325197,-71.056056,6/18/2019,19:00,72,28
20.67495,-101.35595,6/18/2019,19:00,71,29
19.4525,-99.086,6/18/2019,19:00,71,30
40.85355,-73.9661,6/18/2019,19:00,71,31
20.67495,-101.35595,6/18/2019,20:00,71,32
19.4246,-99.1195,6/18/2019,19:00,70,33
42.453035,-73.238776,6/18/2019,19:00,70,34
19.4116,-99.1522,6/18/2019,19:00,67,35
42.827626,74.58384,6/18/2019,19:00,67,36
41.78351,123.424434,6/18/2019,19:00,67,37
19.3919,-99.0281,6/18/2019,19:00,66,38
33.999449,-117.415831,6/18/2019,19:00,65,39
47.928385,106.92947,6/18/2019,20:00,64,40
38.89,-121.3,6/18/2019,19:00,63,41
34.066429,-118.226755,6/18/2019,19:00,63,42
20.657939,-101.34915,6/18/2019,19:00,63,43
20.914813,-100.743844,6/18/2019,19:00,63,44
19.3607,-99.0738,6/18/2019,19:00,63,45
41.864329,-87.748826,6/18/2019,19:00,63,46
47.928385,106.92947,6/18/2019,19:00,63,47
20.657939,-101.34915,6/18/2019,20:00,63,48
20.518317,-100.81591,6/18/2019,19:00,62,49
41.578603,-87.557392,6/18/2019,19:00,62,50
43.2561,-79.8617,6/18/2019,19:00,62,51
40.5802,-74.1994,6/18/2019,19:00,62,52
20.518317,-100.81591,6/18/2019,20:00,62,53
20.914813,-100.743844,6/18/2019,20:00,62,54
36.78538,-119.77321,6/18/2019,19:00,60,55
34.3833,-118.5283,6/18/2019,19:00,60,56
33.996387,-117.4925,6/18/2019,19:00,60,57
42.263901,-71.794701,6/18/2019,19:00,60,58
42.474701,-70.971901,6/18/2019,19:00,60,59
34.10366,-117.629096,6/18/2019,19:00,59,60
33.920758,-116.858419,6/18/2019,19:00,59,61
32.6336,-115.5042,6/18/2019,19:00,59,62
42.3075,-83.15,6/18/2019,19:00,59,63
40.1122,-75.3092,6/18/2019,19:00,59,64
40.7142,-73.995,6/18/2019,19:00,59,65
34.1992,-118.5331,6/18/2019,19:00,58,66
32.7917,-115.5617,6/18/2019,19:00,58,67
41.7547,-87.7136,6/18/2019,19:00,58,68
46.9772,-123.8317,6/18/2019,19:00,57,69
42.312078,-83.103469,6/18/2019,19:00,57,70
40.641441,-74.208366,6/18/2019,19:00,57,71
45.542767,-73.572039,6/18/2019,19:00,57,72
36.33252,-119.29095,6/18/2019,19:00,56,73
34.2775,-118.6847,6/18/2019,19:00,56,74
34.1439,-117.8508,6/18/2019,19:00,56,75
32.579361,-116.929486,6/18/2019,19:00,56,76
58.7083,-111.1764,6/18/2019,19:00,56,77
19.3251,-99.2041,6/18/2019,19:00,56,78
39.9603,-75.1424,6/18/2019,19:00,56,79
18.791092,98.988666,6/18/2019,19:00,56,80
42.295824,-83.129431,6/18/2019,19:00,55,81
39.471989,-121.574943,6/18/2019,19:00,54,82
35.73,-81.37,6/18/2019,19:00,54,83
42.661995,21.150551,6/18/2019,19:00,54,84
39.015,-122.286111,6/18/2019,19:00,53,85
37.95075,-121.26897,6/18/2019,19:00,53,86
38.683304,-121.164457,6/18/2019,19:00,53,87
33.583099,-117.072197,6/18/2019,19:00,53,88
30.2258,-92.042801,6/18/2019,19:00,53,89
38.631057,-90.281144,6/18/2019,19:00,53,90
44.5167,-87.9939,6/18/2019,19:00,53,91
41.594427,-87.495044,6/18/2019,19:00,53,92
36.1092,-79.8011,6/18/2019,19:00,53,93
39.988842,-75.207205,6/18/2019,19:00,53,94
39.922516,-75.186783,6/18/2019,19:00,53,95
44.980598,-74.695297,6/18/2019,19:00,53,96
40.720989,-74.192894,6/18/2019,19:00,53,97
32.884761,-112.03705,6/18/2019,19:00,52,98
32.482081,-97.026922,6/18/2019,19:00,52,99
39.101439,-90.344494,6/18/2019,19:00,52,100
38.656449,-90.198548,6/18/2019,19:00,52,101
40.6978,-89.5889,6/18/2019,19:00,52,102
41.2222,-88.1906,6/18/2019,19:00,52,103
41.6708,-87.7325,6/18/2019,19:00,52,104
42.261669,-83.157893,6/18/2019,19:00,52,105
42.312158,-83.091943,6/18/2019,19:00,52,106
41.829495,-71.417457,6/18/2019,19:00,52,107
42.329399,-71.082497,6/18/2019,19:00,52,108
40.0845,-82.81552,6/18/2019,19:00,51,109
40.054171,-74.985166,6/18/2019,19:00,51,110
40.603943,-74.276176,6/18/2019,19:00,51,111
38.56844,-121.49311,6/18/2019,19:00,50,112
42.2211,-88.2411,6/18/2019,19:00,50,113
42.24,-83.5997,6/18/2019,19:00,50,114
35.8142,-80.2633,6/18/2019,19:00,49,115
40.2464,-77.1867,6/18/2019,19:00,49,116
40.462181,-74.429436,6/18/2019,19:00,49,117
45.593325,-73.637328,6/18/2019,19:00,49,118
18.840633,98.969661,6/18/2019,19:00,49,119
38.611893,-90.160614,6/18/2019,19:00,48,120
42.2283,-83.2092,6/18/2019,19:00,48,121
39.934446,-75.125291,6/18/2019,19:00,48,122
13.729984,100.536443,6/18/2019,19:00,48,123
38.56846,-121.493104,6/18/2019,19:00,47,124
40.136398,-111.660202,6/18/2019,19:00,47,125
21.298874,-100.51557,6/18/2019,19:00,47,126
39.2981,-76.604698,6/18/2019,19:00,47,127
40.7375,-73.8244,6/18/2019,19:00,47,128
38.56846,-121.493104,6/18/2019,20:00,47,129
21.298874,-100.51557,6/18/2019,20:00,47,130
38.613804,-121.368007,6/18/2019,19:00,46,131
39.785622,-104.988469,6/18/2019,19:00,46,132
39.991389,-75.080833,6/18/2019,19:00,46,133
40.8492,-73.9319,6/18/2019,19:00,46,134
37.4828,-122.2022,6/18/2019,19:00,45,135
37.687526,-121.784217,6/18/2019,19:00,45,136
33.676535,-117.331027,6/18/2019,19:00,45,137
40.7955,-111.9309,6/18/2019,19:00,45,138
40.086941,-108.761002,6/18/2019,19:00,45,139
39.751099,-104.987198,6/18/2019,19:00,45,140
38.650259,-90.350463,6/18/2019,19:00,45,141
38.7045,-90.1397,6/18/2019,19:00,45,142
39.831921,-89.644164,6/18/2019,19:00,45,143
40.8197,-73.9481,6/18/2019,19:00,45,144
45.502648,-73.663913,6/18/2019,19:00,45,145
43.660248,-70.268967,6/18/2019,19:00,45,146
19.3044,-99.0738,6/18/2019,19:00,44,147
41.6031,-93.643303,6/18/2019,19:00,44,148
38.65643,-90.18977,6/18/2019,19:00,44,149
40.5169,-88.9975,6/18/2019,19:00,44,150
40.11109,-83.065376,6/18/2019,19:00,44,151
35.356615,-119.062613,6/18/2019,19:00,43,152
33.71969,-116.1897,6/18/2019,19:00,43,153
39.828387,-104.938463,6/18/2019,19:00,43,154
40.4147,-104.7061,6/18/2019,19:00,43,155
19.3573,-99.2628,6/18/2019,19:00,43,156
30.2603,-81.4533,6/18/2019,19:00,43,157
40.739264,-73.817694,6/18/2019,19:00,43,158
37.642165,-120.994212,6/18/2019,19:00,42,159
40.283092,-74.742645,6/18/2019,19:00,42,160
39.32756,-121.66881,6/18/2019,19:00,41,161
41.5144,-90.5172,6/18/2019,19:00,41,162
41.771444,-72.679923,6/18/2019,19:00,41,163
40.4531,-122.2978,6/18/2019,19:00,40,164
53.201694,-105.75203,6/18/2019,19:00,40,165
26.131256,-80.167847,6/18/2019,19:00,40,166
40.33733,-76.383446,6/18/2019,19:00,40,167
40.515251,-74.806755,6/18/2019,19:00,40,168
43.4683,-112.053101,6/18/2019,19:00,39,169
43.0203,-88.215,6/18/2019,19:00,39,170
39.818715,-75.413973,6/18/2019,19:00,39,171
39.8356,-75.3725,6/18/2019,19:00,39,172
39.411743,-123.352661,6/18/2019,19:00,38,173
37.7658,-122.3978,6/18/2019,19:00,38,174
37.9604,-122.3571,6/18/2019,19:00,38,175
37.3483,-121.8947,6/18/2019,19:00,38,176
38.302591,-121.420838,6/18/2019,19:00,38,177
33.830586,-117.938509,6/18/2019,19:00,38,178
34.243132,-117.272275,6/18/2019,19:00,38,179
38.5425,-90.263611,6/18/2019,19:00,38,180
44.3069,-88.3956,6/18/2019,19:00,38,181
40.4656,-79.9611,6/18/2019,19:00,38,182
35.9889,-77.5867,6/18/2019,19:00,38,183
39.305199,-75.797203,6/18/2019,19:00,38,184
39.7394,-75.5581,6/18/2019,19:00,38,185
39.46487,-74.448738,6/18/2019,19:00,38,186
37.9383,-122.025,6/18/2019,19:00,37,187
41.658195,-91.503471,6/18/2019,19:00,37,188
39.787933,-86.13088,6/18/2019,19:00,37,189
36.0261,-80.3419,6/18/2019,19:00,37,190
39.8344,-75.7678,6/18/2019,19:00,37,191
39.422272,-75.0252,6/18/2019,19:00,37,192
40.7269,-73.8933,6/18/2019,19:00,37,193
-1.253111,36.85653,6/18/2019,19:00,37,194
39.150478,-123.206528,6/18/2019,19:00,36,195
38.494475,-121.211131,6/18/2019,19:00,36,196
39.52507,-119.807744,6/18/2019,19:00,36,197
32.67618,-115.48307,6/18/2019,19:00,36,198
47.17563,-113.476182,6/18/2019,19:00,36,199
47.494318,-111.303317,6/18/2019,19:00,36,200
41.823101,-90.211899,6/18/2019,19:00,36,201
42.9533,-82.4564,6/18/2019,19:00,36,202
41.726811,-81.242156,6/18/2019,19:00,36,203
37.864767,-122.302741,6/18/2019,19:00,35,204
37.8148,-122.282402,6/18/2019,19:00,35,205
37.743061,-122.169907,6/18/2019,19:00,35,206
39.18919,-121.99887,6/18/2019,19:00,35,207
36.999571,-121.574684,6/18/2019,19:00,35,208
38.568374,-121.493254,6/18/2019,19:00,35,209
39.808334,-120.471664,6/18/2019,19:00,35,210
34.4044,-118.81,6/18/2019,19:00,35,211
42.607817,-113.786817,6/18/2019,19:00,35,212
32.0036,-106.5992,6/18/2019,19:00,35,213
38.848,-104.8286,6/18/2019,19:00,35,214
33.1944,-97.1933,6/18/2019,19:00,35,215
35.7197,-84.3417,6/18/2019,19:00,35,216
35.6075,-82.5833,6/18/2019,19:00,35,217
27.779712,-82.419835,6/18/2019,19:00,35,218
27.0892,-82.3625,6/18/2019,19:00,35,219
30.62673,-81.53597,6/18/2019,19:00,35,220
40.800717,-81.373,6/18/2019,19:00,35,221
35.5,-78.4375,6/18/2019,19:00,35,222
39.9233,-77.3081,6/18/2019,19:00,35,223
42.120248,-72.58499,6/18/2019,19:00,35,224
42.612113,-71.307519,6/18/2019,19:00,35,225
47.363195,-68.322302,6/18/2019,19:00,35,226
38.937801,-121.103897,6/18/2019,19:00,34,227
46.842297,-114.020549,6/18/2019,19:00,34,228
33.565278,-86.796389,6/18/2019,19:00,34,229
42.984699,-85.671097,6/18/2019,19:00,34,230
33.7206,-84.3578,6/18/2019,19:00,34,231
35.7683,-83.9422,6/18/2019,19:00,34,232
30.4758,-81.5869,6/18/2019,19:00,34,233
42.194401,-72.555603,6/18/2019,19:00,34,234
32.789561,-116.944222,6/18/2019,19:00,33,235
44.104498,-115.972386,6/18/2019,19:00,33,236
47.012907,-114.224273,6/18/2019,19:00,33,237
48.363694,-114.189272,6/18/2019,19:00,33,238
51.0814,-114.1403,6/18/2019,19:00,33,239
38.1761,-89.7883,6/18/2019,19:00,33,240
38.088902,-88.625,6/18/2019,19:00,33,241
33.4997,-86.9242,6/18/2019,19:00,33,242
34.6917,-86.591698,6/18/2019,19:00,33,243
28.0903,-82.7008,6/18/2019,19:00,33,244
42.974461,-81.200858,6/18/2019,19:00,33,245
43.1403,-80.2961,6/18/2019,19:00,33,246
40.8142,-79.565,6/18/2019,19:00,33,247
38.895683,-76.958089,6/18/2019,19:00,33,248
39.055302,-76.878304,6/18/2019,19:00,33,249
39.9653,-76.6994,6/18/2019,19:00,33,250
39.41,-76.2967,6/18/2019,19:00,33,251
40.694401,-73.928596,6/18/2019,19:00,33,252
45.539928,-73.540388,6/18/2019,19:00,33,253
17.896122,102.64,6/18/2019,19:00,33,254
44.261694,-116.979172,6/18/2019,19:00,32,255
39.7386,-104.9394,6/18/2019,19:00,32,256
29.423933,-98.580505,6/18/2019,19:00,32,257
41.526885,-88.116474,6/18/2019,19:00,32,258
33.5453,-86.5492,6/18/2019,19:00,32,259
36.5408,-82.5217,6/18/2019,19:00,32,260
42.4033,-82.2086,6/18/2019,19:00,32,261
39.114399,-77.106903,6/18/2019,19:00,32,262
45.512189,-73.566872,6/18/2019,19:00,32,263
38.102507,-122.237976,6/18/2019,19:00,31,264
39.53387,-122.190834,6/18/2019,19:00,31,265
38.20185,-120.680277,6/18/2019,19:00,31,266
34.21,-118.8694,6/18/2019,19:00,31,267
32.565,-96.3175,6/18/2019,19:00,31,268
29.7339,-95.2575,6/18/2019,19:00,31,269
37.0581,-88.5725,6/18/2019,19:00,31,270
42.93257,-87.93434,6/18/2019,19:00,31,271
39.7889,-86.2147,6/18/2019,19:00,31,272
30.8475,-85.6044,6/18/2019,19:00,31,273
41.0604,-81.9239,6/18/2019,19:00,31,274
30.1358,-81.6339,6/18/2019,19:00,31,275
35.2411,-80.7831,6/18/2019,19:00,31,276
42.6425,-73.7547,6/18/2019,19:00,31,277
45.651722,-73.573896,6/18/2019,19:00,31,278
23.116785,113.318088,6/18/2019,19:00,31,279
37.701222,-121.903019,6/18/2019,19:00,30,280
38.53455,-121.7734,6/18/2019,19:00,30,281
34.942872,-120.435611,6/18/2019,19:00,30,282
33.792221,-118.175278,6/18/2019,19:00,30,283
48.607406,-112.363842,6/18/2019,19:00,30,284
33.503601,-112.095001,6/18/2019,19:00,30,285
41.842778,-111.85194,6/18/2019,19:00,30,286
50.45,-104.6169,6/18/2019,19:00,30,287
40.970001,-95.044998,6/18/2019,19:00,30,288
39.1175,-94.6356,6/18/2019,19:00,30,289
35.9386,-84.5439,6/18/2019,19:00,30,290
34.91263,-80.874283,6/18/2019,19:00,30,291
26.724167,-80.663055,6/18/2019,19:00,30,292
35.9919,-78.8964,6/18/2019,19:00,30,293
38.076599,-78.503998,6/18/2019,19:00,30,294
38.921848,-77.013176,6/18/2019,19:00,30,295
40.246992,-76.846988,6/18/2019,19:00,30,296
38.5876,-76.1408,6/18/2019,19:00,30,297
39.5511,-75.7308,6/18/2019,19:00,30,298
38.3525,-121.9617,6/18/2019,19:00,29,299
34.669589,-118.130689,6/18/2019,19:00,29,300
33.5694,-112.1915,6/18/2019,19:00,29,301
40.598056,-111.894167,6/18/2019,19:00,29,302
31.7878,-106.6828,6/18/2019,19:00,29,303
41.133317,-95.956078,6/18/2019,19:00,29,304
29.7639,-90.7653,6/18/2019,19:00,29,305
26.054047,-80.257608,6/18/2019,19:00,29,306
43.6619,-79.3853,6/18/2019,19:00,29,307
38.771702,-77.108902,6/18/2019,19:00,29,308
44.219867,-76.521128,6/18/2019,19:00,29,309
46.2406,-63.1306,6/18/2019,19:00,29,310
19.717562,-155.110535,6/18/2019,19:00,28,311
38.6619,-121.7278,6/18/2019,19:00,28,312
39.13868,-121.61884,6/18/2019,19:00,28,313
33.4033,-112.0731,6/18/2019,19:00,28,314
31.768056,-106.501111,6/18/2019,19:00,28,315
46.743889,-92.166946,6/18/2019,19:00,28,316
40.0439,-76.1125,6/18/2019,19:00,28,317
40.3833,-75.9686,6/18/2019,19:00,28,318
39.701099,-75.860001,6/18/2019,19:00,28,319
45.4322,-75.6764,6/18/2019,19:00,28,320
41.171398,-73.195297,6/18/2019,19:00,28,321
41.840302,-71.361702,6/18/2019,19:00,28,322
42.7708,-71.1028,6/18/2019,19:00,28,323
46.002399,-112.500893,6/18/2019,19:00,27,324
44.657014,-111.089618,6/18/2019,19:00,27,325
32.322573,-111.037709,6/18/2019,19:00,27,326
35.1441,-106.6044,6/18/2019,19:00,27,327
35.502968,-97.577674,6/18/2019,19:00,27,328
35.32,-97.4883,6/18/2019,19:00,27,329
35.612801,-97.472198,6/18/2019,19:00,27,330
31.6531,-97.0706,6/18/2019,19:00,27,331
36.206699,-95.976402,6/18/2019,19:00,27,332
41.9767,-91.6878,6/18/2019,19:00,27,333
43.46611,-88.621109,6/18/2019,19:00,27,334
39.146025,-84.538375,6/18/2019,19:00,27,335
41.215,-80.485,6/18/2019,19:00,27,336
39.143197,-76.846192,6/18/2019,19:00,27,337
42.605816,-72.596689,6/18/2019,19:00,27,338
46.77417,-71.36972,6/18/2019,19:00,27,339
42.065119,-71.012686,6/18/2019,19:00,27,340
45.2803,-66.0561,6/18/2019,19:00,27,341
21.392834,-157.969131,6/18/2019,19:00,26,342
38.403765,-122.818294,6/18/2019,19:00,26,343
38.278849,-122.275024,6/18/2019,19:00,26,344
47.3167,-116.570297,6/18/2019,19:00,26,345
43.600699,-116.347853,6/18/2019,19:00,26,346
46.6588,-112.0131,6/18/2019,19:00,26,347
40.3414,-111.7136,6/18/2019,19:00,26,348
35.1353,-106.584702,6/18/2019,19:00,26,349
31.7467,-106.402802,6/18/2019,19:00,26,350
49.8422,-99.9189,6/18/2019,19:00,26,351
30.3542,-97.760002,6/18/2019,19:00,26,352
41.2474,-95.9731,6/18/2019,19:00,26,353
29.670025,-95.128508,6/18/2019,19:00,26,354
41.492191,-81.678552,6/18/2019,19:00,26,355
35.856098,-78.574203,6/18/2019,19:00,26,356
41.4428,-75.6231,6/18/2019,19:00,26,357
40.924606,-75.067825,6/18/2019,19:00,26,358
44.476101,-73.210297,6/18/2019,19:00,26,359
45.2536,-66.0803,6/18/2019,19:00,26,360
49.24528,-122.70889,6/18/2019,19:00,25,361
35.25651,-120.6693,6/18/2019,19:00,25,362
39.3386,-120.170303,6/18/2019,19:00,25,363
34.445301,-119.827797,6/18/2019,19:00,25,364
36.1358,-118.8108,6/18/2019,19:00,25,365
43.809486,-111.800475,6/18/2019,19:00,25,366
39.5339,-105.07,6/18/2019,19:00,25,367
43.7781,-91.225,6/18/2019,19:00,25,368
33.750833,-90.734167,6/18/2019,19:00,25,369
42.692131,-90.696373,6/18/2019,19:00,25,370
32.329111,-90.182722,6/18/2019,19:00,25,371
46.5331,-84.3094,6/18/2019,19:00,25,372
35.6322,-83.9422,6/18/2019,19:00,25,373
30.1783,-82.6192,6/18/2019,19:00,25,374
26.2992,-81.72,6/18/2019,19:00,25,375
41.4409,-81.4949,6/18/2019,19:00,25,376
43.4419,-80.5044,6/18/2019,19:00,25,377
37.55652,-77.40027,6/18/2019,19:00,25,378
38.9847,-75.5556,6/18/2019,19:00,25,379
45.3092,-66.0092,6/18/2019,19:00,25,380
48.432899,-123.492798,6/18/2019,19:00,24,381
38.2183,-121.77,6/18/2019,19:00,24,382
32.842297,-116.768326,6/18/2019,19:00,24,383
49.7164,-112.8006,6/18/2019,19:00,24,384
50.285833,-107.81689,6/18/2019,19:00,24,385
52.1361,-106.6631,6/18/2019,19:00,24,386
39.7794,-105.00523,6/18/2019,19:00,24,387
27.811814,-97.4657,6/18/2019,19:00,24,388
40.812558,-96.675733,6/18/2019,19:00,24,389
32.0319,-96.3992,6/18/2019,19:00,24,390
34.906082,-95.794128,6/18/2019,19:00,24,391
29.5831,-95.0156,6/18/2019,19:00,24,392
43.9947,-92.4497,6/18/2019,19:00,24,393
42.5014,-92.315804,6/18/2019,19:00,24,394
32.346905,-90.225928,6/18/2019,19:00,24,395
39.8669,-88.9256,6/18/2019,19:00,24,396
40.052241,-88.372549,6/18/2019,19:00,24,397
42.930569,-87.932106,6/18/2019,19:00,24,398
42.1406,-87.7994,6/18/2019,19:00,24,399
42.76138,-84.562867,6/18/2019,19:00,24,400
30.4397,-84.3483,6/18/2019,19:00,24,401
35.9803,-83.9306,6/18/2019,19:00,24,402
39.92882,-83.80949,6/18/2019,19:00,24,403
40.0467,-76.2833,6/18/2019,19:00,24,404
38.6444,-75.6131,6/18/2019,19:00,24,405
45.512189,-73.566872,6/18/2019,19:00,24,406
20.7808,-156.4461,6/18/2019,19:00,23,407
37.338202,-121.849892,6/18/2019,19:00,23,408
39.77919,-121.59135,6/18/2019,19:00,23,409
48.998333,-116.359419,6/18/2019,19:00,23,410
36.139707,-115.175654,6/18/2019,19:00,23,411
45.178699,-113.892998,6/18/2019,19:00,23,412
53.5453,-113.4992,6/18/2019,19:00,23,413
33.483799,-112.142601,6/18/2019,19:00,23,414
50.0492,-110.6814,6/18/2019,19:00,23,415
31.66752,-106.28774,6/18/2019,19:00,23,416
32.7592,-97.3414,6/18/2019,19:00,23,417
36.918242,-95.632127,6/18/2019,19:00,23,418
38.8386,-94.7464,6/18/2019,19:00,23,419
43.1008,-89.3572,6/18/2019,19:00,23,420
35.116866,-87.419726,6/18/2019,19:00,23,421
38.23158,-85.82675,6/18/2019,19:00,23,422
38.2286,-85.6544,6/18/2019,19:00,23,423
39.2787,-84.36612,6/18/2019,19:00,23,424
33.4347,-84.1617,6/18/2019,19:00,23,425
40.771,-84.0539,6/18/2019,19:00,23,426
42.3144,-83.0433,6/18/2019,19:00,23,427
27.8928,-82.5383,6/18/2019,19:00,23,428
35.912487,-82.062082,6/18/2019,19:00,23,429
46.491941,-81.003105,6/18/2019,19:00,23,430
27.172459,-80.240692,6/18/2019,19:00,23,431
45.2211,-78.9314,6/18/2019,19:00,23,432
42.9981,-78.8993,6/18/2019,19:00,23,433
45.641026,-73.499682,6/18/2019,19:00,23,434
45.61394,-61.36235,6/18/2019,19:00,23,435
21.323601,-158.088593,6/18/2019,19:00,22,436
21.3039,-157.8711,6/18/2019,19:00,22,437
48.4292,-123.3583,6/18/2019,19:00,22,438
37.9722,-122.5189,6/18/2019,19:00,22,439
42.565089,-114.494717,6/18/2019,19:00,22,440
53.564411,-113.562583,6/18/2019,19:00,22,441
33.4265,-112.1181,6/18/2019,19:00,22,442
56.7328,-111.39,6/18/2019,19:00,22,443
45.683765,-111.056282,6/18/2019,19:00,22,444
34.632999,-98.428802,6/18/2019,19:00,22,445
34.256901,-97.474197,6/18/2019,19:00,22,446
43.0178,-87.9333,6/18/2019,19:00,22,447
43.0611,-87.9125,6/18/2019,19:00,22,448
35.65188,-87.0096,6/18/2019,19:00,22,449
38.1935,-85.7121,6/18/2019,19:00,22,450
40.366452,-80.615691,6/18/2019,19:00,22,451
42.1428,-80.0372,6/18/2019,19:00,22,452
35.889402,-78.8747,6/18/2019,19:00,22,453
39.462002,-76.631599,6/18/2019,19:00,22,454
45.6819,-62.6953,6/18/2019,19:00,22,455
49.260799,-124.805603,6/18/2019,19:00,21,456
35.02079,-120.56389,6/18/2019,19:00,21,457
36.4878,-117.871,6/18/2019,19:00,21,458
29.332803,-98.551396,6/18/2019,19:00,21,459
39.741667,-94.858333,6/18/2019,19:00,21,460
39.10465,-94.57055,6/18/2019,19:00,21,461
43.4356,-89.6803,6/18/2019,19:00,21,462
30.39,-89.0497,6/18/2019,19:00,21,463
46.2889,-85.9503,6/18/2019,19:00,21,464
30.128901,-85.738098,6/18/2019,19:00,21,465
36.1857,-85.4921,6/18/2019,19:00,21,466
33.778315,-84.391418,6/18/2019,19:00,21,467
39.42689,-84.20077,6/18/2019,19:00,21,468
43.1461,-77.5481,6/18/2019,19:00,21,469
46.035,-74.4819,6/18/2019,19:00,21,470
40.725452,-74.052292,6/18/2019,19:00,21,471
41.4014,-73.4447,6/18/2019,19:00,21,472
46.1425,-60.1728,6/18/2019,19:00,21,473
44.046683,-123.017736,6/18/2019,19:00,20,474
49.15833,-122.90167,6/18/2019,19:00,20,475
37.360701,-118.330835,6/18/2019,19:00,20,476
35.05045,-118.14778,6/18/2019,19:00,20,477
48.3841,-115.548,6/18/2019,19:00,20,478
35.785665,-115.357087,6/18/2019,19:00,20,479
40.496408,-112.036305,6/18/2019,19:00,20,480
31.3492,-109.539683,6/18/2019,19:00,20,481
45.806357,-108.426551,6/18/2019,19:00,20,482
47.342589,-102.645997,6/18/2019,19:00,20,483
36.1589,-98.9353,6/18/2019,19:00,20,484
37.7011,-97.3139,6/18/2019,19:00,20,485
36.1797,-94.1167,6/18/2019,19:00,20,486
46.6144,-90.6986,6/18/2019,19:00,20,487
34.820556,-89.987778,6/18/2019,19:00,20,488
36.0528,-89.3819,6/18/2019,19:00,20,489
38.1825,-85.5744,6/18/2019,19:00,20,490
43.0289,-83.669403,6/18/2019,19:00,20,491
28.958372,-82.643094,6/18/2019,19:00,20,492
37.4828,-82.5353,6/18/2019,19:00,20,493
35.213171,-80.874084,6/18/2019,19:00,20,494
41.095938,-80.658467,6/18/2019,19:00,20,495
40.747799,-80.316704,6/18/2019,19:00,20,496
35.041401,-78.953102,6/18/2019,19:00,20,497
38.5231,-78.4347,6/18/2019,19:00,20,498
44.1503,-77.3956,6/18/2019,19:00,20,499
39.595001,-75.611,6/18/2019,19:00,20,500
43.608528,-72.98246,6/18/2019,19:00,20,501
41.3011,-72.9028,6/18/2019,19:00,20,502
45.04,-64.29,6/18/2019,19:00,20,503
47.098991,-55.198521,6/18/2019,19:00,20,504
54.5217,-128.6075,6/18/2019,19:00,19,505
44.0263,-123.08377,6/18/2019,19:00,19,506
43.74436,-122.480506,6/18/2019,19:00,19,507
47.5309,-122.3208,6/18/2019,19:00,19,508
32.690277,-114.614441,6/18/2019,19:00,19,509
42.5275,-108.7203,6/18/2019,19:00,19,510
35.9525,-96.0033,6/18/2019,19:00,19,511
39.047911,-94.450513,6/18/2019,19:00,19,512
35.1967,-90.1911,6/18/2019,19:00,19,513
37.7808,-87.0756,6/18/2019,19:00,19,514
38.0608,-85.8961,6/18/2019,19:00,19,515
39.83562,-84.72049,6/18/2019,19:00,19,516
39.12886,-84.50404,6/18/2019,19:00,19,517
38.508114,-82.659301,6/18/2019,19:00,19,518
33.7397,-81.8536,6/18/2019,19:00,19,519
40.1469,-79.9033,6/18/2019,19:00,19,520
46.3175,-79.4453,6/18/2019,19:00,19,521
40.814701,-73.886703,6/18/2019,19:00,19,522
41.833099,-73.303299,6/18/2019,19:00,19,523
42.887501,-73.249702,6/18/2019,19:00,19,524
41.8081,-71.415,6/18/2019,19:00,19,525
44.817398,-68.772762,6/18/2019,19:00,19,526
21.310301,-157.858093,6/18/2019,19:00,18,527
61.205861,-149.8246,6/18/2019,19:00,18,528
64.845931,-147.693278,6/18/2019,19:00,18,529
49.70516,-123.15133,6/18/2019,19:00,18,530
44.1158,-123.12107,6/18/2019,19:00,18,531
43.7995,-123.0535,6/18/2019,19:00,18,532
33.217026,-117.396156,6/18/2019,19:00,18,533
46.061322,-116.3467,6/18/2019,19:00,18,534
33.7472,-115.8201,6/18/2019,19:00,18,535
36.163962,-115.11393,6/18/2019,19:00,18,536
36.141875,-115.078742,6/18/2019,19:00,18,537
36.048705,-115.052942,6/18/2019,19:00,18,538
42.65167,-111.61472,6/18/2019,19:00,18,539
56.7522,-111.4761,6/18/2019,19:00,18,540
40.464722,-109.56083,6/18/2019,19:00,18,541
42.82231,-106.36501,6/18/2019,19:00,18,542
43.746944,-101.941109,6/18/2019,19:00,18,543
42.751518,-96.707208,6/18/2019,19:00,18,544
47.878159,-95.029172,6/18/2019,19:00,18,545
32.6706,-94.1681,6/18/2019,19:00,18,546
46.3944,-94.1433,6/18/2019,19:00,18,547
44.789398,-93.512497,6/18/2019,19:00,18,548
37.256069,-93.299692,6/18/2019,19:00,18,549
44.9594,-93.0356,6/18/2019,19:00,18,550
47.5212,-92.5393,6/18/2019,19:00,18,551
30.315,-90.8114,6/18/2019,19:00,18,552
30.3008,-89.395798,6/18/2019,19:00,18,553
43.4981,-87.81,6/18/2019,19:00,18,554
34.5286,-86.9706,6/18/2019,19:00,18,555
33.8017,-86.9425,6/18/2019,19:00,18,556
40.125557,-85.652222,6/18/2019,19:00,18,557
26.0732,-80.3386,6/18/2019,19:00,18,558
32.791,-79.959,6/18/2019,19:00,18,559
37.285599,-79.884201,6/18/2019,19:00,18,560
44.3922,-79.3922,6/18/2019,19:00,18,561
39.705799,-79.011902,6/18/2019,19:00,18,562
42.8781,-78.8094,6/18/2019,19:00,18,563
42.92111,-78.76611,6/18/2019,19:00,18,564
39.282799,-78.081398,6/18/2019,19:00,18,565
40.8114,-77.8769,6/18/2019,19:00,18,566
43.0994,-75.225,6/18/2019,19:00,18,567
41.0522,-73.7642,6/18/2019,19:00,18,568
20.869444,-156.492417,6/18/2019,19:00,17,569
47.22634,-122.46256,6/18/2019,19:00,17,570
46.380199,-120.332603,6/18/2019,19:00,17,571
46.3972,-116.8062,6/18/2019,19:00,17,572
48.894014,-116.359419,6/18/2019,19:00,17,573
36.106389,-115.253333,6/18/2019,19:00,17,574
42.589833,-112.458889,6/18/2019,19:00,17,575
33.560299,-112.066299,6/18/2019,19:00,17,576
32.25,-110.9667,6/18/2019,19:00,17,577
47.048537,-109.455315,6/18/2019,19:00,17,578
32.310332,-106.751211,6/18/2019,19:00,17,579
40.164585,-105.100861,6/18/2019,19:00,17,580
36.697189,-97.081278,6/18/2019,19:00,17,581
43.123299,-94.693298,6/18/2019,19:00,17,582
29.9431,-89.9761,6/18/2019,19:00,17,583
36.2975,-86.6525,6/18/2019,19:00,17,584
38.4592,-82.6339,6/18/2019,19:00,17,585
28.5997,-81.3628,6/18/2019,19:00,17,586
41.4942,-71.4219,6/18/2019,19:00,17,587
44.7197,-63.4819,6/18/2019,19:00,17,588
47.2656,-122.3858,6/18/2019,19:00,16,589
39.76168,-121.84047,6/18/2019,19:00,16,590
46.9936,-120.545,6/18/2019,19:00,16,591
45.828968,-119.262991,6/18/2019,19:00,16,592
46.425598,-117.059799,6/18/2019,19:00,16,593
46.921,-116.89625,6/18/2019,19:00,16,594
37.179,-113.3052,6/18/2019,19:00,16,595
37.747445,-113.055524,6/18/2019,19:00,16,596
53.800117,-112.927795,6/18/2019,19:00,16,597
40.2943,-110.009,6/18/2019,19:00,16,598
35.6198,-106.0797,6/18/2019,19:00,16,599
44.706123,-93.285803,6/18/2019,19:00,16,600
39.0217,-84.4744,6/18/2019,19:00,16,601
34.955601,-81.924797,6/18/2019,19:00,16,602
44.3647,-73.9017,6/18/2019,19:00,16,603
41.5503,-73.0442,6/18/2019,19:00,16,604
44.528389,-72.868973,6/18/2019,19:00,16,605
19.5097,-155.9133,6/18/2019,19:00,15,606
48.786114,-123.717307,6/18/2019,19:00,15,607
45.39916,-122.7455,6/18/2019,19:00,15,608
48.52059,-122.61428,6/18/2019,19:00,15,609
47.562,-122.3405,6/18/2019,19:00,15,610
40.170917,-122.255667,6/18/2019,19:00,15,611
39.9369,-120.9478,6/18/2019,19:00,15,612
39.621462,-119.718738,6/18/2019,19:00,15,613
34.42775,-119.69091,6/18/2019,19:00,15,614
37.962069,-119.120278,6/18/2019,19:00,15,615
37.645718,-118.966515,6/18/2019,19:00,15,616
49.317501,-117.661697,6/18/2019,19:00,15,617
45.931301,-116.115196,6/18/2019,19:00,15,618
36.270592,-115.238282,6/18/2019,19:00,15,619
42.68,-114.2525,6/18/2019,19:00,15,620
46.8505,-111.987164,6/18/2019,19:00,15,621
40.733501,-111.871696,6/18/2019,19:00,15,622
39.063599,-108.561096,6/18/2019,19:00,15,623
40.0128,-105.2667,6/18/2019,19:00,15,624
40.571259,-105.079765,6/18/2019,19:00,15,625
38.7703,-99.7636,6/18/2019,19:00,15,626
36.922222,-94.83889,6/18/2019,19:00,15,627
35.750599,-94.669701,6/18/2019,19:00,15,628
38.75961,-94.57983,6/18/2019,19:00,15,629
44.761398,-91.413002,6/18/2019,19:00,15,630
37.7064,-85.8517,6/18/2019,19:00,15,631
39.758235,-84.197375,6/18/2019,19:00,15,632
29.170799,-82.1008,6/18/2019,19:00,15,633
44.2994,-81.5753,6/18/2019,19:00,15,634
40.515,-78.3889,6/18/2019,19:00,15,635
40.6119,-75.4325,6/18/2019,19:00,15,636
45.0294,-74.7394,6/18/2019,19:00,15,637
45.468297,-73.741185,6/18/2019,19:00,15,638
46.35,-72.4333,6/18/2019,19:00,15,639
41.3536,-72.0789,6/18/2019,19:00,15,640
44.377048,-68.260902,6/18/2019,19:00,15,641
46.6964,-68.033096,6/18/2019,19:00,15,642
40.170917,-122.255667,6/18/2019,20:00,15,643
47.498535,-122.278385,6/18/2019,19:00,14,644
39.234402,-121.055603,6/18/2019,19:00,14,645
46.375431,-120.729317,6/18/2019,19:00,14,646
39.399841,-119.739606,6/18/2019,19:00,14,647
44.78822,-117.8446,6/18/2019,19:00,14,648
51.047611,-114.075165,6/18/2019,19:00,14,649
47.8679,-104.676864,6/18/2019,19:00,14,650
43.557613,-103.483658,6/18/2019,19:00,14,651
45.55,-94.1333,6/18/2019,19:00,14,652
44.9653,-93.2551,6/18/2019,19:00,14,653
47.9464,-91.4953,6/18/2019,19:00,14,654
44.3106,-84.891899,6/18/2019,19:00,14,655
34.2143,-79.7673,6/18/2019,19:00,14,656
40.7447,-73.5869,6/18/2019,19:00,14,657
46.0419,-72.66,6/18/2019,19:00,14,658
61.3267,-149.569707,6/18/2019,19:00,13,659
61.534163,-149.031655,6/18/2019,19:00,13,660
48.129101,-122.7789,6/18/2019,19:00,13,661
47.1864,-122.4517,6/18/2019,19:00,13,662
47.755001,-122.280602,6/18/2019,19:00,13,663
37.748707,-119.587094,6/18/2019,19:00,13,664
46.2183,-119.2015,6/18/2019,19:00,13,665
47.2313,-117.3685,6/18/2019,19:00,13,666
47.594395,-115.323746,6/18/2019,19:00,13,667
51.95,-114.7,6/18/2019,19:00,13,668
32.1731,-110.9797,6/18/2019,19:00,13,669
32.5364,-93.7492,6/18/2019,19:00,13,670
46.713694,-92.511722,6/18/2019,19:00,13,671
40.693298,-92.006104,6/18/2019,19:00,13,672
42.267002,-89.08917,6/18/2019,19:00,13,673
35.705338,-88.81959,6/18/2019,19:00,13,674
36.611411,-87.384666,6/18/2019,19:00,13,675
33.3311,-87.0036,6/18/2019,19:00,13,676
37.1314,-86.1481,6/18/2019,19:00,13,677
30.0842,-84.1617,6/18/2019,19:00,13,678
42.990263,-82.395341,6/18/2019,19:00,13,679
34.093899,-80.962196,6/18/2019,19:00,13,680
45.3378,-80.0378,6/18/2019,19:00,13,681
40.3053,-79.5061,6/18/2019,19:00,13,682
43.1583,-79.235,6/18/2019,19:00,13,683
44.3,-78.35,6/18/2019,19:00,13,684
41.705226,-76.512726,6/18/2019,19:00,13,685
40.6281,-75.3411,6/18/2019,19:00,13,686
4.637735,-74.094856,6/18/2019,19:00,13,687
42.702223,-73.110414,6/18/2019,19:00,13,688
41.6833,-71.169701,6/18/2019,19:00,13,689
45.0892,-67.0786,6/18/2019,19:00,13,690
45.0061,-65,6/18/2019,19:00,13,691
49.28083,-122.84917,6/18/2019,19:00,12,692
34.637798,-120.456703,6/18/2019,19:00,12,693
46.8153,-117.8739,6/18/2019,19:00,12,694
47.6997,-117.4263,6/18/2019,19:00,12,695
46.408501,-116.991402,6/18/2019,19:00,12,696
47.3386,-116.885902,6/18/2019,19:00,12,697
48.291821,-116.556557,6/18/2019,19:00,12,698
42.8698,-109.8708,6/18/2019,19:00,12,699
38.8763,-107.6022,6/18/2019,19:00,12,700
42.6725,-81.1647,6/18/2019,19:00,12,701
42.298302,-72.334396,6/18/2019,19:00,12,702
44.089355,-70.214134,6/18/2019,19:00,12,703
46.4783,-63.9869,6/18/2019,19:00,12,704
47.3386,-116.885902,6/18/2019,20:00,12,705
61.5989,-149.106216,6/18/2019,19:00,11,706
47.339802,-124.291801,6/18/2019,19:00,11,707
43.381943,-124.263885,6/18/2019,19:00,11,708
42.434149,-123.348466,6/18/2019,19:00,11,709
42.290094,-123.2321,6/18/2019,19:00,11,710
45.768531,-122.7721,6/18/2019,19:00,11,711
42.1941,-122.7086,6/18/2019,19:00,11,712
49.13278,-122.69417,6/18/2019,19:00,11,713
49.36972,-121.49944,6/18/2019,19:00,11,714
45.602419,-121.203387,6/18/2019,19:00,11,715
34.4483,-119.2303,6/18/2019,19:00,11,716
44.417999,-118.951302,6/18/2019,19:00,11,717
45.3235,-118.0778,6/18/2019,19:00,11,718
47.808226,-117.34327,6/18/2019,19:00,11,719
47.7889,-116.8044,6/18/2019,19:00,11,720
44.373786,-100.287269,6/18/2019,19:00,11,721
46.0481,-89.6536,6/18/2019,19:00,11,722
45.957289,-66.645236,6/18/2019,19:00,11,723
54.0558,-128.6739,6/18/2019,19:00,10,724
48.366058,-124.610046,6/18/2019,19:00,10,725
42.1617,-123.64835,6/18/2019,19:00,10,726
47.213551,-123.100807,6/18/2019,19:00,10,727
47.029301,-122.821503,6/18/2019,19:00,10,728
42.623225,-122.810158,6/18/2019,19:00,10,729
42.229891,-122.7877,6/18/2019,19:00,10,730
53.9147,-122.7419,6/18/2019,19:00,10,731
49.04278,-122.30972,6/18/2019,19:00,10,732
45.735931,-121.488398,6/18/2019,19:00,10,733
44.063916,-121.312554,6/18/2019,19:00,10,734
44.299787,-120.844773,6/18/2019,19:00,10,735
55.1964,-119.3967,6/18/2019,19:00,10,736
43.58925,-119.048302,6/18/2019,19:00,10,737
47.885201,-117.988602,6/18/2019,19:00,10,738
47.672501,-117.364899,6/18/2019,19:00,10,739
43.823017,-115.838557,6/18/2019,19:00,10,740
42.876701,-112.460297,6/18/2019,19:00,10,741
40.600556,-112.355,6/18/2019,19:00,10,742
33.4105,-111.8651,6/18/2019,19:00,10,743
31.337204,-110.936722,6/18/2019,19:00,10,744
44.373056,-110.830833,6/18/2019,19:00,10,745
46.8511,-95.8467,6/18/2019,19:00,10,746
44.4572,-95.835,6/18/2019,19:00,10,747
30.3503,-95.425,6/18/2019,19:00,10,748
39.303056,-94.376389,6/18/2019,19:00,10,749
30.4293,-90.1997,6/18/2019,19:00,10,750
29.9933,-90.1014,6/18/2019,19:00,10,751
38.79471,-83.533988,6/18/2019,19:00,10,752
27.9659,-82.230617,6/18/2019,19:00,10,753
32.941002,-79.656998,6/18/2019,19:00,10,754
19.117561,-155.778137,6/18/2019,19:00,9,755
54.7831,-127.1775,6/18/2019,19:00,9,756
43.2266,-123.36479,6/18/2019,19:00,9,757
49.323891,-123.083611,6/18/2019,19:00,9,758
44.943114,-123.005934,6/18/2019,19:00,9,759
49.2794,-122.9711,6/18/2019,19:00,9,760
45.496641,-122.602877,6/18/2019,19:00,9,761
47.568236,-122.308628,6/18/2019,19:00,9,762
47.1303,-119.2726,6/18/2019,19:00,9,763
45.652231,-118.823033,6/18/2019,19:00,9,764
46.0588,-118.3514,6/18/2019,19:00,9,765
46.318,-117.985,6/18/2019,19:00,9,766
44.9536,-93.2581,6/18/2019,19:00,9,767
39.21494,-84.69086,6/18/2019,19:00,9,768
34.843899,-82.414597,6/18/2019,19:00,9,769
39.82,-80.2897,6/18/2019,19:00,9,770
46.11,-64.79,6/18/2019,19:00,9,771
19.555445,-155.102036,6/18/2019,19:00,8,772
46.66186,-123.7916,6/18/2019,19:00,8,773
44.61569,-123.091457,6/18/2019,19:00,8,774
46.664089,-122.967323,6/18/2019,19:00,8,775
42.33155,-122.880266,6/18/2019,19:00,8,776
45.4702,-122.8159,6/18/2019,19:00,8,777
44.3958,-122.7305,6/18/2019,19:00,8,778
45.25928,-122.588151,6/18/2019,19:00,8,779
42.190296,-121.731369,6/18/2019,19:00,8,780
44.2921,-121.5555,6/18/2019,19:00,8,781
39.1003,-120.9528,6/18/2019,19:00,8,782
35.04676,-120.58777,6/18/2019,19:00,8,783
46.594952,-120.512283,6/18/2019,19:00,8,784
42.189215,-120.353969,6/18/2019,19:00,8,785
48.3645,-120.1211,6/18/2019,19:00,8,786
46.5754,-119.0021,6/18/2019,19:00,8,787
46.474438,-117.614764,6/18/2019,19:00,8,788
46.243621,-114.158889,6/18/2019,19:00,8,789
43.48256,-110.745261,6/18/2019,19:00,8,790
35.338407,-106.524292,6/18/2019,19:00,8,791
36.3833,-105.5833,6/18/2019,19:00,8,792
45.2108,-93.6686,6/18/2019,19:00,8,793
45.2039,-90.6,6/18/2019,19:00,8,794
31.322779,-89.287498,6/18/2019,19:00,8,795
35.4356,-83.4436,6/18/2019,19:00,8,796
43.3306,-81.7425,6/18/2019,19:00,8,797
45.426509,-73.928944,6/18/2019,19:00,8,798
40.8278,-73.0575,6/18/2019,19:00,8,799
47.3553,-68.3211,6/18/2019,19:00,8,800
46.3864,-62.5828,6/18/2019,19:00,8,801
19.2065,-155.4689,6/18/2019,19:00,7,802
44.067223,-123.14135,6/18/2019,19:00,7,803
46.1394,-122.9619,6/18/2019,19:00,7,804
50.1439,-122.9611,6/18/2019,19:00,7,805
47.597222,-122.319722,6/18/2019,19:00,7,806
40.301899,-121.235001,6/18/2019,19:00,7,807
44.6306,-121.131599,6/18/2019,19:00,7,808
35.494556,-120.666203,6/18/2019,19:00,7,809
50.2333,-119.2833,6/18/2019,19:00,7,810
46.7245,-117.1801,6/18/2019,19:00,7,811
47.536712,-116.236867,6/18/2019,19:00,7,812
44.890197,-116.1065,6/18/2019,19:00,7,813
46.2094,-116.027496,6/18/2019,19:00,7,814
53.5028,-113.6111,6/18/2019,19:00,7,815
30.0411,-90.2728,6/18/2019,19:00,7,816
41.23172,-80.80116,6/18/2019,19:00,7,817
44.5514,-70.5463,6/18/2019,19:00,7,818
49.14139,-123.10833,6/18/2019,19:00,6,819
45.528501,-122.972398,6/18/2019,19:00,6,820
41.72679,-122.63359,6/18/2019,19:00,6,821
45.863899,-122.410889,6/18/2019,19:00,6,822
49.021506,-122.326556,6/18/2019,19:00,6,823
48.055,-122.175797,6/18/2019,19:00,6,824
48.4772,-120.1906,6/18/2019,19:00,6,825
47.83861,-120.02306,6/18/2019,19:00,6,826
45.1425,-93.2139,6/18/2019,19:00,6,827
33.215,-92.6689,6/18/2019,19:00,6,828
64.762973,-147.310297,6/18/2019,19:00,5,829
58.388889,-134.565556,6/18/2019,19:00,5,830
54.0403,-128.3825,6/18/2019,19:00,5,831
49.682499,-124.996101,6/18/2019,19:00,5,832
44.5884,-123.2673,6/18/2019,19:00,5,833
44.81029,-122.915085,6/18/2019,19:00,5,834
48.465401,-122.559998,6/18/2019,19:00,5,835
48.950699,-122.554398,6/18/2019,19:00,5,836
47.140499,-122.299202,6/18/2019,19:00,5,837
47.600863,-122.148397,6/18/2019,19:00,5,838
48.9477,-122.1471,6/18/2019,19:00,5,839
47.4902,-121.772697,6/18/2019,19:00,5,840
47.127998,-118.381897,6/18/2019,19:00,5,841
53.37,-115.1906,6/18/2019,19:00,5,842
52.2989,-113.7942,6/18/2019,19:00,5,843
39.0828,-84.1441,6/18/2019,19:00,5,844
39.565601,-77.721901,6/18/2019,19:00,5,845
41.6447,-76.9392,6/18/2019,19:00,5,846
44.9636,-67.060799,6/18/2019,19:00,5,847
53.973301,-128.650299,6/18/2019,19:00,4,848
49.009869,-123.082017,6/18/2019,19:00,4,849
47.43061,-120.34195,6/18/2019,19:00,4,850
38.897611,-119.732101,6/18/2019,19:00,4,851
48.760036,-122.456463,6/18/2019,19:00,3,852
48.410198,-122.337601,6/18/2019,19:00,3,853
47.24126,-119.84595,6/18/2019,19:00,3,854
48.39999,-119.518959,6/18/2019,19:00,3,855
36.6972,-119.0189,6/18/2019,19:00,3,856
41.08536,-104.52277,6/18/2019,19:00,3,857
44.087397,-103.273777,6/18/2019,19:00,3,858
46.682299,-68.016195,6/18/2019,19:00,3,859
48.2867,-124.6203,6/18/2019,19:00,2,860
48.294399,-122.660004,6/18/2019,19:00,2,861
47.592675,-122.627397,6/18/2019,19:00,2,862
52.9822,-122.4922,6/18/2019,19:00,2,863
49.8611,-119.475,6/18/2019,19:00,2,864
42.082222,-111.864167,6/18/2019,19:00,2,865
44.52612,-109.016733,6/18/2019,19:00,2,866
48.317507,-107.862471,6/18/2019,19:00,2,867
37.70097,-94.03474,6/18/2019,19:00,2,868
34.3561,-77.8617,6/18/2019,19:00,2,869
41.4994,-74.0097,6/18/2019,19:00,2,870
49.18639,-123.15222,6/18/2019,19:00,1,871
49.09556,-122.56694,6/18/2019,19:00,1,872
47.386101,-122.230202,6/18/2019,19:00,1,873
53.5472,-113.3681,6/18/2019,19:00,1,874
45.366151,-106.48982,6/18/2019,19:00,1,875
32.36253,-88.27792,6/18/2019,19:00,1,876
32.4069,-86.2564,6/18/2019,19:00,1,877
49.8891,-124.5625,6/18/2019,19:00,0,878
52.1342,-122.1528,6/18/2019,19:00,0,879
38.979244,-105.353035,6/18/2019,19:00,0,880
44.7383,-93.2372,6/18/2019,19:00,0,881
38.979244,-105.353035,6/18/2019,20:00,0,882
